{"type":"FeatureCollection","crs":{"type":"name","properties":{"name":"urn:ogc:def:crs:OGC:1.3:CRS84"}},"features":[{"type":"Feature","properties":{"name":"India","source":"DataMeet India composite boundary","license":"CC0","depiction":"India official territorial depiction"},"geometry":{"type":"MultiPolygon","coordinates":[[[[77.51873,35.48566],[77.5588,35.48803],[77.58634,35.47803],[77.58401,35.46803],[77.60545,35.47268],[77.62974,35.46208],[77.63837,35.46613],[77.63842,35.4836],[77.65121,35.48743],[77.68774,35.4531],[77.69819,35.46357],[77.7184,35.46162],[77.7417,35.49452],[77.75901,35.50251],[77.78007,35.4978],[77.81461,35.52226],[77.82773,35.50426],[77.85346,35.49088],[77.86693,35.49821],[77.91099,35.4621],[77.93666,35.52485],[77.92834,35.54126],[77.93785,35.55932],[77.95064,35.55206],[77.97762,35.57219],[77.99603,35.55923],[78.01226,35.57116],[78.02243,35.56423],[78.03234,35.57233],[78.02795,35.5827],[78.04037,35.58685],[78.06814,35.57028],[78.07662,35.55996],[78.07254,35.54449],[78.09052,35.5334],[78.10307,35.55609],[78.12972,35.54554],[78.15719,35.55095],[78.16173,35.59293],[78.18126,35.60079],[78.17293,35.61671],[78.18004,35.6344],[78.19742,35.63984],[78.1944,35.65814],[78.1817,35.66736],[78.18593,35.67522],[78.20831,35.66766],[78.2401,35.70621],[78.24363,35.72529],[78.34029,35.71982],[78.40876,35.7307],[78.41719,35.7624],[78.4405,35.78073],[78.4603,35.77499],[78.46272,35.76441],[78.50535,35.77121],[78.53559,35.7635],[78.60759,35.81518],[78.6566,35.82208],[78.6735,35.85206],[78.80024,35.86982],[78.82772,35.90851],[78.85586,35.97424],[78.92642,35.94523],[78.95478,35.94852],[78.96599,35.93533],[79.0115,35.93116],[79.02842,35.91423],[79.05722,35.94149],[79.07767,35.94699],[79.1645,35.94479],[79.19132,35.93226],[79.26958,35.92742],[79.30805,35.95446],[79.33838,35.96347],[79.34344,35.98787],[79.44173,35.96832],[79.43962,35.9342],[79.45633,35.92409],[79.46837,35.90034],[79.45225,35.88279],[79.45646,35.87196],[79.4889,35.84922],[79.51734,35.85032],[79.52531,35.8658],[79.57213,35.89653],[79.58843,35.87698],[79.58402,35.85392],[79.56427,35.82979],[79.57191,35.81266],[79.58841,35.81496],[79.58449,35.79968],[79.59254,35.78888],[79.63858,35.77773],[79.62938,35.76709],[79.64264,35.75104],[79.63411,35.74158],[79.67863,35.70024],[79.67941,35.67069],[79.69824,35.66345],[79.70428,35.63905],[79.73401,35.64277],[79.77147,35.62567],[79.81684,35.62697],[79.83927,35.60161],[79.83671,35.58628],[79.84573,35.57456],[79.86077,35.57666],[79.86903,35.59831],[79.92096,35.60471],[79.92459,35.62065],[79.95419,35.63391],[79.95458,35.61623],[79.99895,35.60242],[79.99532,35.5841],[79.96532,35.57471],[79.96632,35.55357],[79.99471,35.52311],[79.994,35.50979],[80.03493,35.43864],[80.05491,35.42341],[80.08799,35.43246],[80.081,35.45041],[80.11,35.47838],[80.12713,35.47838],[80.14195,35.49799],[80.18259,35.50885],[80.1662,35.55276],[80.20541,35.57515],[80.22488,35.55469],[80.25001,35.55686],[80.26378,35.56834],[80.27679,35.55291],[80.29745,35.55609],[80.30217,35.53403],[80.31582,35.52383],[80.32756,35.53493],[80.34659,35.52463],[80.35842,35.52905],[80.38947,35.48768],[80.4116,35.47711],[80.42172,35.45168],[80.41193,35.42603],[80.37692,35.39234],[80.34675,35.39102],[80.28588,35.35425],[80.26621,35.29645],[80.29429,35.26789],[80.27454,35.21673],[80.28525,35.21126],[80.28263,35.20389],[80.25527,35.20555],[80.2448,35.18533],[80.22267,35.17129],[80.23314,35.14797],[80.19483,35.11799],[80.21608,34.9927],[80.23358,34.98959],[80.22489,34.97041],[80.19336,34.9587],[80.18626,34.94649],[80.2035,34.92063],[80.20505,34.89124],[80.16746,34.88007],[80.15708,34.86846],[80.13685,34.86894],[80.13614,34.85514],[80.11182,34.8263],[80.09899,34.77454],[80.06691,34.76226],[80.07921,34.73344],[80.07415,34.70581],[79.99478,34.69203],[79.97219,34.6997],[79.95154,34.67375],[79.93239,34.69189],[79.89848,34.69619],[79.84864,34.67224],[79.82971,34.64607],[79.78655,34.62735],[79.78583,34.60864],[79.80181,34.58926],[79.78825,34.56402],[79.81145,34.53408],[79.79432,34.48006],[79.76553,34.47055],[79.75268,34.47768],[79.72163,34.47174],[79.70188,34.48601],[79.68499,34.47673],[79.67356,34.4546],[79.62336,34.44984],[79.60052,34.46626],[79.56112,34.45841],[79.53816,34.47888],[79.50885,34.45368],[79.53059,34.44264],[79.53478,34.40075],[79.55902,34.37162],[79.57472,34.31904],[79.60281,34.30655],[79.60736,34.23822],[79.58983,34.24099],[79.54486,34.20292],[79.49059,34.1909],[79.49798,34.16842],[79.48561,34.12559],[79.47014,34.11607],[79.42755,34.11345],[79.41613,34.10013],[79.43041,34.06134],[79.40447,34.02731],[79.41018,34.01018],[79.40328,34.00233],[79.36651,33.99434],[79.31619,34.01494],[79.30049,34.00852],[79.24885,34.02398],[79.2253,34.01066],[79.18961,34.02517],[79.17105,34.02184],[79.13892,33.99448],[79.09942,33.98996],[79.02947,34.01042],[78.9952,34.03683],[78.91169,34.00971],[78.88718,33.97259],[78.93715,33.91262],[78.96522,33.82125],[78.9933,33.7946],[79.00044,33.77343],[79.02828,33.75368],[79.01021,33.71439],[79.01185,33.68521],[79.02209,33.67427],[79.06397,33.66641],[79.09038,33.63719],[79.08514,33.61954],[79.02518,33.61906],[79.00353,33.6074],[78.9074,33.62049],[78.88574,33.57623],[78.90975,33.56543],[78.91352,33.55464],[78.93143,33.48676],[78.92739,33.4406],[78.94011,33.38002],[78.95406,33.37146],[78.96301,33.33913],[78.98182,33.3267],[79.02672,33.32035],[79.03778,33.30541],[79.0352,33.27268],[79.07994,33.24492],[79.06684,33.23201],[79.10739,33.19975],[79.12436,33.20262],[79.15197,33.18187],[79.18286,33.22001],[79.20964,33.21265],[79.21697,33.23789],[79.23845,33.23312],[79.25582,33.2154],[79.27223,33.22122],[79.3025,33.19067],[79.32388,33.19029],[79.33755,33.20425],[79.38518,33.20191],[79.4083,33.18884],[79.41095,33.17115],[79.39589,33.16941],[79.39295,33.15599],[79.39898,33.13998],[79.36431,33.10612],[79.36816,33.08534],[79.35851,33.06113],[79.34058,33.05736],[79.32836,33.03446],[79.34144,33.01973],[79.33146,33.00079],[79.36345,32.96299],[79.35287,32.95468],[79.36408,32.93816],[79.37956,32.94574],[79.39971,32.94167],[79.39048,32.917],[79.42147,32.89499],[79.47124,32.87879],[79.47282,32.84951],[79.46091,32.83344],[79.4808,32.80068],[79.54472,32.77302],[79.54115,32.76398],[79.55727,32.75918],[79.54304,32.73035],[79.56128,32.71437],[79.54084,32.70323],[79.53858,32.68282],[79.54837,32.67655],[79.45246,32.60378],[79.42763,32.56099],[79.43311,32.54396],[79.41366,32.54053],[79.41333,32.52003],[79.36727,32.53245],[79.35097,32.52854],[79.33392,32.54256],[79.34001,32.55414],[79.33118,32.56545],[79.31115,32.56011],[79.29345,32.53956],[79.27604,32.556],[79.24815,32.5167],[79.22337,32.52471],[79.22091,32.50959],[79.18829,32.51588],[79.18397,32.49783],[79.15556,32.49454],[79.14915,32.47687],[79.13155,32.48095],[79.11753,32.45448],[79.12643,32.42165],[79.10543,32.40747],[79.10015,32.37063],[79.06039,32.38714],[79.0136,32.38122],[78.99018,32.37082],[78.96829,32.33574],[78.90753,32.37251],[78.9055,32.38932],[78.89235,32.40052],[78.88198,32.39819],[78.86863,32.41351],[78.8386,32.41271],[78.83219,32.42789],[78.8087,32.43826],[78.79571,32.47493],[78.77937,32.47902],[78.78083,32.51566],[78.75747,32.56718],[78.77438,32.58542],[78.78136,32.61631],[78.74214,32.65529],[78.74987,32.68658],[78.73959,32.69572],[78.71046,32.66774],[78.6341,32.64543],[78.64104,32.61098],[78.63347,32.6054],[78.58301,32.60374],[78.55843,32.62246],[78.54163,32.61228],[78.51628,32.61451],[78.50095,32.5836],[78.47913,32.57629],[78.45377,32.58134],[78.41607,32.56747],[78.39504,32.52987],[78.4276,32.50492],[78.45497,32.47132],[78.45068,32.46065],[78.4722,32.44188],[78.47093,32.3971],[78.45435,32.38646],[78.46942,32.36492],[78.48523,32.35895],[78.47881,32.32509],[78.49736,32.32456],[78.51038,32.30306],[78.48836,32.27564],[78.52019,32.26197],[78.55992,32.20225],[78.59575,32.19799],[78.59998,32.17448],[78.59159,32.16715],[78.6312,32.12578],[78.6825,32.11464],[78.69445,32.09509],[78.68264,32.0801],[78.70574,32.06444],[78.73438,32.00495],[78.76686,32.00357],[78.77963,31.99359],[78.77912,31.96665],[78.76477,31.95874],[78.76892,31.93078],[78.74244,31.9016],[78.7494,31.87453],[78.73967,31.84175],[78.7023,31.80661],[78.70512,31.77379],[78.72547,31.75807],[78.73,31.7332],[78.75364,31.69533],[78.75113,31.68017],[78.79876,31.68155],[78.80189,31.64757],[78.84162,31.62191],[78.84664,31.60916],[78.8224,31.57865],[78.80645,31.57723],[78.77521,31.54358],[78.76164,31.5486],[78.73528,31.53648],[78.72046,31.50887],[78.72584,31.4838],[78.75754,31.48288],[78.77528,31.45421],[78.79674,31.44407],[78.76154,31.40068],[78.74952,31.36779],[78.76953,31.34903],[78.76329,31.34107],[78.77818,31.31234],[78.85341,31.29441],[78.8514,31.3089],[78.86158,31.3153],[78.88339,31.28619],[78.89951,31.28973],[78.89749,31.30264],[78.91714,31.31493],[78.94386,31.36566],[78.96969,31.3569],[78.97936,31.36394],[79.00047,31.34184],[79.01869,31.34901],[79.01011,31.38217],[79.01803,31.39099],[79.01889,31.42672],[79.06077,31.42956],[79.07517,31.45902],[79.08604,31.45042],[79.09911,31.45468],[79.14234,31.43209],[79.17091,31.39906],[79.17725,31.38549],[79.17061,31.36313],[79.21341,31.35399],[79.2365,31.335],[79.22025,31.3165],[79.25007,31.29365],[79.24921,31.28467],[79.22633,31.26059],[79.2606,31.23979],[79.2827,31.23889],[79.30086,31.21905],[79.31235,31.14828],[79.35208,31.12245],[79.41276,31.10802],[79.42747,31.02292],[79.47144,31.03476],[79.50687,31.03239],[79.51604,30.99746],[79.55321,30.95688],[79.60314,30.93988],[79.66316,30.96445],[79.66555,30.98289],[79.70073,30.97073],[79.73493,30.97952],[79.75231,31.0058],[79.77564,30.98654],[79.81659,30.97168],[79.86604,30.97178],[79.88215,30.95512],[79.88878,30.91765],[79.9084,30.91469],[79.93097,30.88054],[79.96152,30.88854],[80.00817,30.86625],[80.03192,30.84083],[80.054,30.83881],[80.0875,30.79562],[80.11239,30.77968],[80.15425,30.78957],[80.15822,30.80694],[80.17279,30.80902],[80.21254,30.75268],[80.23864,30.76232],[80.24878,30.72041],[80.2331,30.7088],[80.23297,30.69049],[80.19781,30.68616],[80.19257,30.66603],[80.21941,30.64277],[80.20793,30.58832],[80.21835,30.58015],[80.25451,30.56457],[80.31539,30.56454],[80.31913,30.54544],[80.34548,30.52033],[80.36456,30.52753],[80.38541,30.51751],[80.4183,30.52359],[80.41605,30.51735],[80.44598,30.49689],[80.49916,30.48794],[80.54075,30.44906],[80.56516,30.46381],[80.60663,30.47149],[80.61362,30.45929],[80.62387,30.46287],[80.68843,30.41502],[80.7073,30.41739],[80.73414,30.40061],[80.78546,30.35348],[80.8016,30.32303],[80.86089,30.31425],[80.87361,30.30117],[80.90708,30.30368],[80.93036,30.27845],[80.92942,30.26585],[80.98245,30.27111],[81.03086,30.24709],[81.02581,30.22649],[81.04469,30.2059],[80.99711,30.18599],[80.97497,30.19161],[80.93295,30.17714],[80.92362,30.19372],[80.93033,30.21333],[80.91987,30.22612],[80.90995,30.22332],[80.86256,30.16946],[80.87767,30.12869],[80.84486,30.11614],[80.83702,30.09756],[80.81535,30.09646],[80.77937,30.05676],[80.76114,30.04961],[80.74689,30.00605],[80.7195,30.00042],[80.67404,29.95729],[80.63019,29.96527],[80.60288,29.95851],[80.5742,29.92358],[80.57259,29.89537],[80.55265,29.85051],[80.50722,29.82321],[80.49365,29.79596],[80.43469,29.80613],[80.40684,29.79456],[80.39749,29.7594],[80.36574,29.74789],[80.38446,29.67452],[80.41447,29.6541],[80.42018,29.63926],[80.40566,29.61296],[80.40794,29.59551],[80.37906,29.57161],[80.37878,29.56146],[80.36359,29.5642],[80.36398,29.55674],[80.34264,29.55305],[80.34178,29.54045],[80.35794,29.53266],[80.3496,29.51904],[80.31381,29.49919],[80.31301,29.48465],[80.29903,29.49072],[80.28659,29.47701],[80.30245,29.45323],[80.28043,29.45105],[80.27616,29.45868],[80.26913,29.45518],[80.27423,29.44966],[80.24291,29.44391],[80.2416,29.41173],[80.27461,29.39316],[80.27887,29.37869],[80.27107,29.36465],[80.28009,29.34639],[80.29616,29.32436],[80.31687,29.31491],[80.3003,29.24226],[80.29065,29.23173],[80.29724,29.20523],[80.28719,29.19534],[80.24827,29.22116],[80.24076,29.20261],[80.25788,29.1875],[80.27162,29.14224],[80.23324,29.11862],[80.18342,29.13724],[80.14483,29.10429],[80.12846,29.06122],[80.13645,29.05904],[80.12478,29.01296],[80.13542,29.00736],[80.12672,29.00606],[80.1181,28.98192],[80.10023,28.98665],[80.05847,28.91658],[80.0648,28.8376],[80.07522,28.82445],[80.1181,28.82895],[80.21609,28.75555],[80.25438,28.75552],[80.26533,28.74225],[80.25649,28.72923],[80.27877,28.70914],[80.31615,28.7006],[80.32577,28.66645],[80.36059,28.64567],[80.36069,28.63457],[80.37657,28.62867],[80.41637,28.63958],[80.45148,28.62872],[80.4638,28.61517],[80.46848,28.58313],[80.48015,28.5876],[80.51705,28.55184],[80.53073,28.57242],[80.52167,28.57673],[80.50353,28.66493],[80.53972,28.69066],[80.56855,28.68804],[80.59038,28.67995],[80.5802,28.6614],[80.59756,28.65602],[80.58984,28.64815],[80.60622,28.65246],[80.61227,28.63935],[80.6415,28.64336],[80.65128,28.63414],[80.66759,28.6421],[80.67954,28.6206],[80.6775,28.60443],[80.69583,28.60345],[80.69044,28.5877],[80.71458,28.56838],[80.72441,28.57524],[80.73852,28.56638],[80.73835,28.57484],[80.76794,28.56615],[80.7694,28.54996],[80.78929,28.54352],[80.78861,28.52477],[80.81535,28.52075],[80.84473,28.49562],[80.86602,28.48957],[80.86161,28.50439],[80.89613,28.50696],[80.90865,28.49792],[80.90297,28.47767],[80.91565,28.45797],[80.91421,28.46835],[80.9307,28.45803],[80.94263,28.46879],[80.9321,28.45883],[80.95146,28.45573],[80.95173,28.44756],[80.98017,28.45512],[80.96496,28.43775],[80.97881,28.43404],[80.97765,28.44231],[80.99982,28.45372],[81.01768,28.45181],[81.01289,28.43817],[81.01905,28.43171],[81.02945,28.43871],[81.03372,28.42802],[81.01664,28.41586],[81.03355,28.39749],[81.03567,28.41379],[81.07978,28.38503],[81.21059,28.36078],[81.23435,28.32473],[81.23255,28.28907],[81.32087,28.19749],[81.32193,28.16951],[81.30155,28.16629],[81.32805,28.1481],[81.31835,28.14525],[81.31795,28.13366],[81.37135,28.14265],[81.37825,28.1559],[81.36709,28.16536],[81.3746,28.17699],[81.41658,28.17396],[81.44659,28.16105],[81.44994,28.1408],[81.48403,28.11857],[81.47825,28.08277],[81.62477,28.00133],[81.69845,27.98819],[81.80499,27.90337],[81.83289,27.89801],[81.88493,27.85697],[81.92584,27.85961],[81.92528,27.87564],[81.96814,27.92915],[82.07002,27.92367],[82.12111,27.86586],[82.15009,27.85819],[82.15407,27.86661],[82.20899,27.84292],[82.30343,27.77272],[82.36797,27.7425],[82.40187,27.70353],[82.44871,27.67933],[82.47316,27.67645],[82.5166,27.69061],[82.54138,27.68574],[82.60521,27.70605],[82.61897,27.70221],[82.66434,27.72269],[82.68095,27.71399],[82.7079,27.72283],[82.70434,27.70392],[82.71931,27.67875],[82.71237,27.66297],[82.73167,27.65385],[82.73847,27.63741],[82.73121,27.63153],[82.74002,27.6318],[82.73283,27.62951],[82.74043,27.62534],[82.73502,27.61101],[82.75802,27.5858],[82.74248,27.56076],[82.74878,27.55592],[82.73812,27.55187],[82.74968,27.52254],[82.73668,27.51783],[82.73557,27.50232],[82.92931,27.50121],[82.95411,27.46775],[83.03457,27.44879],[83.1879,27.45439],[83.21889,27.41626],[83.2722,27.38343],[83.26538,27.36543],[83.27244,27.35268],[83.2945,27.33337],[83.31726,27.33005],[83.31786,27.33736],[83.33731,27.33262],[83.35905,27.34291],[83.37449,27.36996],[83.38768,27.37546],[83.38453,27.39028],[83.40949,27.41264],[83.38432,27.43599],[83.40173,27.45717],[83.38813,27.4798],[83.61426,27.46948],[83.83069,27.3698],[83.86373,27.34585],[83.88444,27.37728],[83.83317,27.42572],[83.84744,27.44535],[83.88459,27.43314],[83.93353,27.45036],[83.97787,27.43897],[83.99615,27.44647],[84.02391,27.43258],[84.03176,27.4419],[84.0518,27.44274],[84.06999,27.48109],[84.09531,27.4898],[84.0977,27.51723],[84.15071,27.51693],[84.14863,27.48612],[84.20566,27.47021],[84.20815,27.44246],[84.21986,27.44115],[84.23134,27.45648],[84.25411,27.45413],[84.27803,27.41592],[84.27639,27.39647],[84.29173,27.38507],[84.30016,27.39089],[84.34774,27.37463],[84.4408,27.37052],[84.46914,27.35528],[84.47682,27.3624],[84.62001,27.33876],[84.68901,27.22065],[84.6852,27.18219],[84.67515,27.17136],[84.68345,27.15533],[84.66947,27.10822],[84.67478,27.09686],[84.64615,27.07567],[84.6433,27.04618],[84.75675,27.00289],[84.77328,27.01779],[84.79315,26.99592],[84.8086,27.01829],[84.82532,27.021],[84.85435,27.00828],[84.85568,26.98652],[84.89173,26.96976],[84.96253,26.96052],[84.97816,26.94064],[84.96906,26.91601],[84.99989,26.91196],[85.00239,26.90346],[84.99263,26.90304],[85.00471,26.89478],[85.0527,26.88924],[85.04878,26.87819],[85.02503,26.87329],[85.0327,26.85951],[85.02402,26.85444],[85.08686,26.85279],[85.0865,26.86725],[85.11128,26.87238],[85.19066,26.86998],[85.19105,26.83091],[85.17653,26.80981],[85.21149,26.75827],[85.23988,26.76204],[85.33397,26.7416],[85.35456,26.75995],[85.37527,26.76122],[85.40753,26.79143],[85.45173,26.78153],[85.47765,26.79296],[85.47965,26.80243],[85.49535,26.79717],[85.49782,26.81231],[85.51965,26.81446],[85.54313,26.83836],[85.56578,26.84109],[85.57543,26.86101],[85.58554,26.84734],[85.62697,26.87347],[85.64232,26.85317],[85.70412,26.83229],[85.72888,26.80807],[85.73386,26.73733],[85.72355,26.67433],[85.73666,26.66429],[85.73401,26.65083],[85.76971,26.62995],[85.80155,26.62433],[85.8175,26.60285],[85.8304,26.60166],[85.83102,26.61148],[85.85113,26.60866],[85.85791,26.58992],[85.8516,26.56803],[85.88785,26.58322],[85.89102,26.59438],[85.92827,26.6168],[85.9471,26.613],[85.95852,26.65127],[85.97506,26.65846],[86.00965,26.65398],[86.02694,26.66681],[86.13867,26.62886],[86.13619,26.60644],[86.19194,26.61492],[86.19619,26.59385],[86.21745,26.58857],[86.23437,26.59077],[86.25262,26.61719],[86.33312,26.61911],[86.34494,26.61675],[86.33871,26.60725],[86.39756,26.59308],[86.39475,26.58518],[86.45572,26.56799],[86.49755,26.54239],[86.54162,26.53871],[86.57001,26.4965],[86.61466,26.48682],[86.63361,26.46369],[86.69381,26.45121],[86.69987,26.43717],[86.71992,26.43499],[86.73055,26.42265],[86.74677,26.42888],[86.7435,26.43561],[86.76565,26.4593],[86.83356,26.43903],[86.8614,26.45779],[86.89374,26.46205],[86.89143,26.48611],[86.92959,26.48976],[86.9327,26.5174],[87.01515,26.53216],[87.04231,26.56843],[87.04451,26.58733],[87.07157,26.58583],[87.09148,26.45038],[87.16238,26.40398],[87.18883,26.40554],[87.18566,26.4143],[87.21251,26.41323],[87.21861,26.40314],[87.2291,26.41372],[87.26035,26.40961],[87.26578,26.37393],[87.31233,26.37156],[87.34062,26.34737],[87.35818,26.36116],[87.35629,26.38847],[87.36865,26.40803],[87.46581,26.4404],[87.5475,26.41846],[87.58666,26.38206],[87.60462,26.38093],[87.6121,26.39021],[87.65168,26.39364],[87.65,26.40603],[87.67795,26.41594],[87.67745,26.43563],[87.71166,26.42751],[87.73372,26.40769],[87.7391,26.41768],[87.76713,26.41067],[87.77855,26.4348],[87.77213,26.44967],[87.79276,26.46886],[87.82953,26.45008],[87.82811,26.4401],[87.84865,26.43653],[87.86144,26.449],[87.8582,26.46395],[87.88579,26.4765],[87.88808,26.48688],[87.90965,26.4577],[87.89857,26.44885],[87.92449,26.44648],[87.916,26.43167],[87.92692,26.41762],[87.99171,26.3927],[87.9914,26.37043],[88.00842,26.36126],[88.03015,26.36491],[88.03125,26.38854],[88.0906,26.42601],[88.09774,26.45099],[88.08812,26.46249],[88.10551,26.46909],[88.09365,26.50949],[88.10447,26.52793],[88.09664,26.53553],[88.11139,26.54519],[88.1053,26.56091],[88.11265,26.55798],[88.11204,26.5716],[88.13011,26.57366],[88.12981,26.60132],[88.14194,26.62577],[88.16028,26.6366],[88.16708,26.69961],[88.18627,26.73849],[88.1877,26.77231],[88.16736,26.83796],[88.17357,26.86541],[88.1362,26.89859],[88.14587,26.92101],[88.12031,26.95043],[88.13532,26.98507],[88.09159,27.00511],[88.07754,27.03526],[88.05952,27.02925],[88.03724,27.03682],[88.01557,27.07396],[88.02063,27.0876],[87.99131,27.10559],[87.98728,27.11942],[88.01922,27.17118],[88.01224,27.21602],[88.03127,27.25222],[88.03162,27.28628],[88.04468,27.29367],[88.04139,27.30415],[88.06652,27.33603],[88.04166,27.37196],[88.05059,27.41281],[88.07482,27.4321],[88.06677,27.45805],[88.04374,27.47834],[88.04368,27.49592],[88.06731,27.52632],[88.05893,27.53535],[88.07993,27.56315],[88.08279,27.58701],[88.1134,27.61016],[88.11992,27.64541],[88.14431,27.6641],[88.15563,27.7352],[88.178,27.7466],[88.18135,27.77583],[88.19702,27.79104],[88.17301,27.8206],[88.20091,27.83737],[88.19616,27.854],[88.13945,27.87834],[88.118,27.91807],[88.13675,27.93734],[88.13009,27.95019],[88.14246,27.96528],[88.20699,27.94067],[88.20885,27.96237],[88.23764,27.96951],[88.25133,27.94166],[88.26472,27.95653],[88.27925,27.95478],[88.28417,27.96516],[88.30417,27.96545],[88.3404,27.98581],[88.37733,27.98927],[88.38984,27.9765],[88.41359,27.98108],[88.41735,27.99998],[88.46815,28.01689],[88.49491,28.05512],[88.52463,28.03533],[88.54595,28.034],[88.55356,28.03943],[88.55445,28.08229],[88.56819,28.09091],[88.58328,28.08415],[88.60237,28.08963],[88.61248,28.11073],[88.63726,28.11823],[88.67061,28.07411],[88.75474,28.0803],[88.80429,28.03],[88.83608,28.0153],[88.84414,27.9892],[88.83623,27.92785],[88.86764,27.91971],[88.88812,27.85641],[88.88044,27.83047],[88.85708,27.81553],[88.8542,27.76459],[88.867,27.74271],[88.85673,27.71719],[88.83851,27.70541],[88.84795,27.69613],[88.84823,27.66819],[88.83175,27.64723],[88.81482,27.64691],[88.80426,27.62433],[88.80875,27.60306],[88.78822,27.58586],[88.79181,27.57423],[88.7633,27.56642],[88.77711,27.53257],[88.79357,27.52694],[88.77683,27.46929],[88.79348,27.44716],[88.79472,27.42908],[88.80824,27.42315],[88.80569,27.40705],[88.82109,27.40466],[88.8379,27.37961],[88.86114,27.3863],[88.86289,27.37013],[88.88136,27.36053],[88.89532,27.33293],[88.92137,27.32729],[88.90884,27.3042],[88.91467,27.29075],[88.90629,27.27436],[88.87934,27.26082],[88.83181,27.2626],[88.80238,27.24877],[88.80303,27.2191],[88.78907,27.18531],[88.76507,27.17778],[88.76008,27.15299],[88.74555,27.14198],[88.80249,27.1393],[88.8424,27.111],[88.87163,27.1088],[88.88085,27.06229],[88.86894,26.99429],[88.87526,26.94321],[88.92127,26.99422],[88.95223,26.96848],[88.94511,26.9335],[88.97911,26.91789],[89.02144,26.94073],[89.03003,26.92305],[89.05112,26.91624],[89.04852,26.89933],[89.06988,26.90402],[89.09567,26.89172],[89.09253,26.87289],[89.10652,26.85973],[89.10106,26.84409],[89.13363,26.80747],[89.1761,26.81911],[89.19371,26.81068],[89.26254,26.81419],[89.31878,26.85163],[89.32679,26.84335],[89.37894,26.8623],[89.38987,26.84193],[89.43938,26.84052],[89.46961,26.80271],[89.55736,26.8134],[89.56609,26.7991],[89.62108,26.7783],[89.64975,26.77698],[89.64345,26.74869],[89.61713,26.729],[89.62608,26.72347],[89.6581,26.71868],[89.67052,26.73959],[89.70008,26.73771],[89.72404,26.72322],[89.75502,26.73385],[89.77469,26.70207],[89.80643,26.7108],[89.86095,26.70202],[89.86172,26.73763],[89.89708,26.72458],[90.04566,26.72965],[90.1939,26.7735],[90.18755,26.80709],[90.20115,26.83582],[90.23045,26.85903],[90.3003,26.84843],[90.34602,26.8743],[90.3555,26.90085],[90.41733,26.90482],[90.54645,26.81676],[90.634,26.79421],[90.64598,26.7777],[90.67622,26.78532],[90.69361,26.77224],[90.71723,26.76986],[90.95181,26.78542],[90.95208,26.77903],[90.99226,26.79486],[91.05279,26.78293],[91.0968,26.82195],[91.1446,26.81098],[91.23556,26.81248],[91.33644,26.78044],[91.37502,26.79529],[91.40756,26.84019],[91.49509,26.79155],[91.59236,26.80548],[91.62534,26.82108],[91.68973,26.80669],[91.72061,26.81204],[91.82436,26.8645],[91.8592,26.91339],[91.8924,26.92055],[91.96386,26.88392],[91.98277,26.85959],[92.05643,26.84727],[92.10256,26.86746],[92.10127,26.88074],[92.11716,26.89921],[92.11279,26.95091],[92.12135,26.96067],[92.10526,26.98038],[92.10339,27.00401],[92.07795,27.01797],[92.0817,27.04057],[92.04471,27.05198],[92.03119,27.08004],[92.0231,27.1102],[92.03597,27.13726],[92.02693,27.16857],[92.05692,27.18829],[92.07184,27.23478],[92.05935,27.25209],[92.03769,27.25849],[92.07406,27.27854],[92.08703,27.26942],[92.11952,27.27089],[92.12328,27.28661],[92.06491,27.32729],[92.04769,27.36225],[92.05615,27.39993],[92.03713,27.41833],[92.04224,27.43589],[92.02225,27.447],[92.01666,27.48062],[91.96079,27.46011],[91.94349,27.45983],[91.92303,27.47419],[91.87257,27.47038],[91.86216,27.48477],[91.84868,27.48651],[91.82808,27.46814],[91.8057,27.47596],[91.76742,27.46491],[91.76527,27.47421],[91.73015,27.46943],[91.7089,27.47651],[91.71763,27.49812],[91.69453,27.50557],[91.65199,27.4833],[91.6469,27.5006],[91.62355,27.51262],[91.61244,27.5437],[91.59426,27.54227],[91.56572,27.58362],[91.58448,27.60844],[91.56233,27.63145],[91.57285,27.66083],[91.62929,27.70001],[91.643,27.76111],[91.84766,27.76111],[91.8735,27.72197],[91.90321,27.72923],[91.9244,27.71651],[91.9654,27.73908],[91.98268,27.77734],[92.0569,27.78],[92.06255,27.78981],[92.11097,27.80338],[92.14289,27.83503],[92.1644,27.83114],[92.17401,27.84732],[92.18664,27.84691],[92.24366,27.88817],[92.29335,27.87248],[92.30303,27.8529],[92.29739,27.83347],[92.31641,27.81699],[92.31908,27.79742],[92.36485,27.8046],[92.42385,27.83488],[92.42681,27.80347],[92.45582,27.79334],[92.47764,27.83431],[92.50032,27.85121],[92.51172,27.84741],[92.53271,27.866],[92.5803,27.88163],[92.60692,27.91683],[92.64635,27.91261],[92.67677,27.94908],[92.72957,27.97823],[92.72086,27.99941],[92.73632,28.03778],[92.73152,28.05447],[92.7018,28.06819],[92.66833,28.06811],[92.65644,28.07999],[92.67733,28.15096],[92.69166,28.15017],[92.71725,28.16767],[92.73904,28.15372],[92.763,28.16067],[92.78439,28.18671],[92.83273,28.17517],[92.88289,28.20156],[92.92161,28.20069],[92.93586,28.21703],[92.92825,28.2256],[92.93227,28.24876],[92.94687,28.26161],[92.99127,28.27314],[93.00228,28.29447],[93.05061,28.31055],[93.06023,28.30461],[93.07709,28.32497],[93.14915,28.36688],[93.14592,28.37952],[93.1675,28.41412],[93.1682,28.45479],[93.19239,28.49404],[93.25104,28.5454],[93.3706,28.59973],[93.42563,28.66199],[93.62284,28.68547],[93.63725,28.65453],[93.68851,28.67833],[93.71224,28.66471],[93.78427,28.7133],[93.78985,28.73702],[93.84115,28.74874],[93.85987,28.74231],[93.89659,28.75746],[93.9146,28.74102],[93.91217,28.77317],[93.9749,28.82147],[93.98804,28.79504],[94.01975,28.79349],[94.01858,28.82833],[94.02826,28.85281],[94.05816,28.85871],[94.05923,28.87497],[94.07868,28.88271],[94.13171,28.88891],[94.1619,28.90449],[94.17477,28.91184],[94.16645,28.92384],[94.17864,28.93594],[94.26051,28.93168],[94.27473,28.95248],[94.27396,28.96787],[94.30947,28.994],[94.34189,29.00193],[94.36638,29.02593],[94.32757,29.04054],[94.31557,29.07586],[94.27686,29.09386],[94.27599,29.11273],[94.29525,29.13451],[94.29322,29.15231],[94.37891,29.15413],[94.39052,29.18417],[94.44807,29.18338],[94.45686,29.21313],[94.49198,29.20776],[94.51063,29.2312],[94.54097,29.21974],[94.56841,29.24122],[94.57153,29.25624],[94.62647,29.2958],[94.69716,29.31539],[94.71552,29.29152],[94.7349,29.28694],[94.75166,29.22968],[94.8037,29.20842],[94.79739,29.18606],[94.80726,29.16487],[94.84754,29.18258],[94.88419,29.17909],[94.91758,29.15746],[94.96482,29.15884],[94.99233,29.146],[94.99958,29.13232],[95.02182,29.12748],[95.01103,29.15244],[94.9865,29.17323],[94.99465,29.17358],[95.04212,29.15069],[95.09721,29.14204],[95.11937,29.11242],[95.10385,29.09607],[95.13015,29.09808],[95.13596,29.08848],[95.21155,29.10756],[95.23039,29.10365],[95.23655,29.08576],[95.25883,29.08031],[95.26262,29.06834],[95.27138,29.0732],[95.27186,29.10318],[95.283,29.10993],[95.27755,29.11609],[95.29935,29.13647],[95.37885,29.13682],[95.41274,29.12592],[95.41902,29.18066],[95.43394,29.19275],[95.45385,29.1764],[95.44876,29.16076],[95.45788,29.13682],[95.48051,29.14109],[95.50361,29.12604],[95.51534,29.14322],[95.50207,29.19216],[95.54875,29.19688],[95.57383,29.17985],[95.59568,29.18801],[95.6035,29.19583],[95.59627,29.22379],[95.60563,29.236],[95.64805,29.2104],[95.66416,29.22356],[95.69828,29.22474],[95.70883,29.20401],[95.74319,29.22569],[95.73028,29.23967],[95.75243,29.27616],[95.73715,29.29796],[95.75741,29.32261],[95.77684,29.32296],[95.81233,29.34753],[95.83888,29.35309],[95.84108,29.32123],[95.87749,29.31457],[95.8926,29.33123],[95.93882,29.34892],[95.94153,29.3658],[95.96568,29.37578],[95.98095,29.36198],[95.99463,29.36863],[96.01653,29.36255],[96.0537,29.38275],[96.13632,29.34558],[96.15231,29.29636],[96.17033,29.29495],[96.19509,29.26562],[96.26437,29.24601],[96.26025,29.21734],[96.28683,29.20902],[96.28438,29.20257],[96.30281,29.19228],[96.28782,29.1321],[96.24925,29.11179],[96.21287,29.11351],[96.19962,29.09876],[96.21498,29.06932],[96.18483,29.04561],[96.18682,29.03731],[96.20691,29.03257],[96.24436,29.08735],[96.2569,29.08304],[96.27399,29.09804],[96.299,29.09882],[96.30841,29.11456],[96.3302,29.11315],[96.35086,29.08138],[96.36603,29.08148],[96.36402,29.04227],[96.41449,29.02382],[96.4441,28.9951],[96.43594,28.9706],[96.44849,28.94025],[96.46695,28.93301],[96.50341,28.94859],[96.52169,28.93894],[96.52864,28.91713],[96.51669,28.90771],[96.52659,28.88059],[96.52284,28.86208],[96.55025,28.84953],[96.57154,28.82264],[96.58889,28.81948],[96.57328,28.78349],[96.60282,28.78089],[96.60263,28.7593],[96.63181,28.73371],[96.62862,28.7048],[96.64675,28.69143],[96.64113,28.6799],[96.60297,28.67344],[96.56266,28.69778],[96.55578,28.68589],[96.54472,28.6874],[96.53749,28.67762],[96.54377,28.65103],[96.52568,28.64328],[96.52802,28.61957],[96.51022,28.60986],[96.51403,28.58234],[96.49006,28.58423],[96.47541,28.57334],[96.48178,28.55899],[96.46228,28.54547],[96.46563,28.52289],[96.40918,28.52447],[96.40645,28.50585],[96.43059,28.51068],[96.45567,28.48604],[96.47448,28.49563],[96.49811,28.42899],[96.51195,28.45346],[96.49757,28.49501],[96.5079,28.52029],[96.49314,28.5418],[96.55121,28.56181],[96.56065,28.58253],[96.61397,28.62039],[96.6476,28.61874],[96.68695,28.58977],[96.71188,28.61144],[96.72245,28.57877],[96.7497,28.56851],[96.76202,28.55314],[96.7509,28.5417],[96.76004,28.51941],[96.82096,28.50472],[96.86061,28.48305],[96.86196,28.45297],[96.89345,28.41811],[96.88362,28.40325],[96.88782,28.38729],[96.92237,28.36431],[96.92512,28.35262],[97.00058,28.32506],[97.02537,28.33033],[97.07781,28.37082],[97.12643,28.36189],[97.16693,28.32939],[97.1795,28.33281],[97.20547,28.30309],[97.23721,28.29423],[97.24258,28.26583],[97.26441,28.26512],[97.28441,28.23143],[97.29811,28.2334],[97.36007,28.20481],[97.35871,28.1632],[97.3251,28.13843],[97.32267,28.11302],[97.33201,28.10576],[97.32382,28.10258],[97.32712,28.08427],[97.31227,28.06207],[97.33802,28.05842],[97.35449,28.06684],[97.37756,28.02256],[97.39536,28.01174],[97.36315,27.96532],[97.3771,27.94977],[97.36693,27.93654],[97.37914,27.89206],[97.3662,27.87724],[97.31911,27.88858],[97.2981,27.91608],[97.24748,27.90008],[97.18193,27.84077],[97.18478,27.83208],[97.16515,27.8282],[97.16458,27.81477],[97.11326,27.78531],[97.08773,27.73418],[97.06152,27.74863],[97.04754,27.7393],[97.03154,27.74949],[96.98541,27.68587],[96.98302,27.6665],[96.93512,27.66166],[96.9214,27.63292],[96.88981,27.60587],[96.89021,27.57938],[96.90837,27.57938],[96.90669,27.54432],[96.93534,27.50831],[96.91047,27.48668],[96.90338,27.45278],[96.93235,27.43135],[96.93474,27.41533],[96.96238,27.40162],[96.9621,27.37293],[96.99024,27.34406],[96.99841,27.31879],[97.02809,27.30848],[97.0549,27.26537],[97.08822,27.23884],[97.0905,27.21356],[97.16357,27.14218],[97.16159,27.12323],[97.14955,27.11762],[97.13821,27.09149],[97.10043,27.10897],[97.09681,27.09676],[97.06344,27.09177],[97.03056,27.13137],[96.99287,27.14023],[96.98416,27.15437],[96.90134,27.16856],[96.86767,27.18472],[96.85678,27.19247],[96.85468,27.21078],[96.88561,27.22693],[96.88427,27.26019],[96.86283,27.25966],[96.84688,27.27164],[96.84807,27.29038],[96.82216,27.30913],[96.79674,27.34582],[96.70422,27.37226],[96.69769,27.3577],[96.60565,27.36583],[96.59116,27.34797],[96.59615,27.33357],[96.5509,27.3183],[96.52363,27.28629],[96.50758,27.29901],[96.44065,27.30633],[96.38624,27.28474],[96.35224,27.29489],[96.3402,27.28487],[96.30745,27.29422],[96.2742,27.28339],[96.27145,27.2714],[96.22859,27.2788],[96.18531,27.24917],[96.1551,27.24841],[96.08991,27.22324],[96.02264,27.17995],[96.01015,27.14232],[95.9674,27.09847],[95.94573,27.05139],[95.90402,27.03907],[95.87022,27.01312],[95.83098,27.00749],[95.80226,27.01507],[95.78119,26.97769],[95.76841,26.97698],[95.75524,26.95395],[95.75982,26.9367],[95.74794,26.92613],[95.74497,26.89626],[95.72306,26.88148],[95.7058,26.88056],[95.66722,26.90291],[95.64394,26.87607],[95.63154,26.87375],[95.6266,26.8428],[95.608,26.81319],[95.56962,26.81634],[95.54317,26.83544],[95.52465,26.82266],[95.50648,26.80809],[95.48236,26.74645],[95.45929,26.74286],[95.43225,26.71523],[95.43059,26.70002],[95.37403,26.68401],[95.36023,26.67093],[95.33513,26.67364],[95.30339,26.65084],[95.25957,26.65535],[95.25734,26.67613],[95.23392,26.68246],[95.20845,26.64781],[95.18104,26.64298],[95.14911,26.61601],[95.15427,26.58282],[95.13929,26.55612],[95.1253,26.5577],[95.10722,26.54148],[95.1141,26.51836],[95.06175,26.44952],[95.06608,26.44155],[95.08444,26.44732],[95.104,26.42055],[95.0998,26.39402],[95.12528,26.38802],[95.1322,26.37774],[95.12109,26.34958],[95.12825,26.29318],[95.11941,26.26487],[95.12723,26.25372],[95.11446,26.23272],[95.14253,26.21155],[95.12191,26.18492],[95.11712,26.1587],[95.12636,26.12921],[95.11774,26.10125],[95.15057,26.08662],[95.1647,26.09254],[95.18568,26.0733],[95.12577,25.9862],[95.08925,25.95056],[95.04382,25.92693],[95.03099,25.93133],[95.02844,25.91397],[95.01159,25.89795],[95.01902,25.881],[95.00885,25.86691],[95.02933,25.84027],[95.03293,25.81435],[95.04976,25.80092],[95.04867,25.7598],[95.04046,25.74172],[95.00337,25.7286],[94.97023,25.68856],[94.93548,25.66683],[94.91483,25.60745],[94.88185,25.59076],[94.89823,25.56557],[94.84564,25.56133],[94.82527,25.54241],[94.80785,25.49389],[94.78383,25.48064],[94.76196,25.48207],[94.75174,25.49377],[94.71808,25.46916],[94.68343,25.46616],[94.67042,25.41873],[94.63474,25.39519],[94.63437,25.35569],[94.58512,25.26675],[94.58578,25.2291],[94.57564,25.21386],[94.60598,25.18137],[94.62003,25.18682],[94.64006,25.1661],[94.66419,25.16276],[94.68014,25.14891],[94.69745,25.15494],[94.74094,25.12658],[94.74408,25.03701],[94.72697,25.00004],[94.69635,24.96826],[94.7136,24.935],[94.70179,24.92958],[94.68764,24.88934],[94.65693,24.87131],[94.63224,24.83963],[94.6179,24.78057],[94.62911,24.75713],[94.61241,24.74072],[94.605,24.71263],[94.58554,24.70594],[94.57973,24.72489],[94.56816,24.70593],[94.5588,24.71331],[94.54187,24.70436],[94.54827,24.68382],[94.53991,24.64431],[94.50862,24.5939],[94.45648,24.57312],[94.42575,24.48132],[94.39823,24.48234],[94.39707,24.45437],[94.40849,24.43988],[94.39502,24.40959],[94.36086,24.39442],[94.37846,24.37973],[94.34993,24.33441],[94.32195,24.32891],[94.32192,24.27722],[94.30329,24.23553],[94.29234,24.23397],[94.27638,24.17328],[94.25991,24.16547],[94.25451,24.08247],[94.23917,24.05207],[94.2277,24.05669],[94.23737,24.03542],[94.20188,23.98256],[94.18993,23.93347],[94.1696,23.92868],[94.15659,23.84791],[94.14558,23.84971],[94.14376,23.83524],[94.12606,23.83348],[94.11346,23.84333],[94.11308,23.86297],[94.09606,23.88919],[94.08169,23.88212],[94.04903,23.88724],[94.04049,23.91073],[94.01673,23.92691],[93.96036,23.92841],[93.93011,23.95004],[93.89338,23.95293],[93.85913,23.9321],[93.80776,23.92676],[93.7543,24.00554],[93.72332,23.99754],[93.69043,24.0091],[93.65642,24.00201],[93.65236,24.00971],[93.62376,24.01137],[93.60853,23.97191],[93.59185,23.96069],[93.55954,23.98203],[93.55034,23.95955],[93.50512,23.94249],[93.46336,23.97361],[93.46134,23.99826],[93.43314,24.02433],[93.41395,24.07413],[93.39856,24.08539],[93.35794,24.09126],[93.3487,24.10499],[93.34283,24.09742],[93.35393,24.09061],[93.33535,24.09028],[93.32847,24.08102],[93.33838,24.06205],[93.32598,24.04647],[93.33789,24.04036],[93.32596,24.02975],[93.33892,24.02194],[93.32978,24.02072],[93.33725,23.98968],[93.32871,23.98503],[93.35128,23.96138],[93.35138,23.94146],[93.36123,23.94471],[93.36936,23.92991],[93.38109,23.93463],[93.39516,23.92394],[93.3849,23.84823],[93.39028,23.81772],[93.40427,23.80676],[93.39176,23.75619],[93.41088,23.72932],[93.40728,23.70716],[93.43769,23.68681],[93.41589,23.64701],[93.42799,23.58822],[93.40972,23.56433],[93.41828,23.54012],[93.39482,23.50376],[93.3991,23.47202],[93.38766,23.44554],[93.40143,23.38422],[93.38636,23.37436],[93.38769,23.35946],[93.35537,23.35261],[93.37249,23.32939],[93.3621,23.27993],[93.38798,23.21647],[93.37475,23.20455],[93.38041,23.18694],[93.36812,23.17537],[93.36753,23.14424],[93.38556,23.14452],[93.3853,23.13467],[93.35532,23.11661],[93.33854,23.07417],[93.35139,23.07051],[93.33996,23.06758],[93.34299,23.05878],[93.3341,23.05948],[93.31315,23.01911],[93.29362,23.00666],[93.22877,23.01156],[93.20993,23.04792],[93.18463,23.05949],[93.1552,23.04345],[93.13637,23.06076],[93.1265,23.04401],[93.11974,23.00237],[93.14035,22.98966],[93.13773,22.95102],[93.16419,22.91148],[93.13968,22.91423],[93.131,22.90697],[93.11767,22.84251],[93.10309,22.82405],[93.11034,22.81893],[93.09421,22.80621],[93.10714,22.75094],[93.0909,22.70476],[93.10201,22.68309],[93.09545,22.67229],[93.10963,22.65584],[93.10769,22.63694],[93.12831,22.62396],[93.14016,22.59272],[93.11186,22.55777],[93.10641,22.52689],[93.12835,22.52364],[93.12374,22.5085],[93.13486,22.4921],[93.13117,22.46787],[93.13887,22.45422],[93.16317,22.45118],[93.18523,22.42769],[93.18573,22.33988],[93.19656,22.32897],[93.18979,22.3005],[93.19924,22.29408],[93.19373,22.28824],[93.20204,22.26413],[93.17712,22.246],[93.14174,22.24566],[93.14829,22.21175],[93.16121,22.19651],[93.15069,22.17631],[93.12364,22.17401],[93.1109,22.20431],[93.0885,22.19682],[93.06267,22.20775],[93.03776,22.19541],[93.04883,22.16939],[93.03664,22.14484],[93.05669,22.12202],[93.05918,22.10123],[93.00454,22.10474],[93.01191,22.08886],[92.9941,22.0422],[93.00509,21.98716],[92.99719,21.97878],[92.98142,21.98075],[92.97797,21.99825],[92.95124,22.03002],[92.93979,22.01408],[92.92664,22.0154],[92.93502,22.00608],[92.9155,21.97982],[92.90621,21.94142],[92.89126,22.01146],[92.86414,22.02502],[92.86253,22.06293],[92.84086,22.05949],[92.83648,22.07217],[92.81834,22.07522],[92.81002,22.09627],[92.79782,22.09394],[92.76,22.12581],[92.73509,22.13424],[92.72702,22.1491],[92.69954,22.15504],[92.6903,22.07229],[92.68777,22.10384],[92.68155,22.10347],[92.67964,22.01152],[92.65179,22.01634],[92.63463,21.98354],[92.60254,21.97812],[92.6127,21.99136],[92.59798,22.00883],[92.59257,22.03789],[92.60252,22.06196],[92.59227,22.06497],[92.57502,22.11573],[92.56221,22.12785],[92.57986,22.14301],[92.60621,22.12378],[92.60941,22.16434],[92.59484,22.17461],[92.58128,22.32211],[92.55211,22.409],[92.55672,22.42449],[92.54318,22.49068],[92.55022,22.49714],[92.54281,22.49899],[92.55141,22.51336],[92.54382,22.51341],[92.53992,22.54103],[92.52184,22.56021],[92.53833,22.57543],[92.53292,22.58767],[92.53938,22.58929],[92.52735,22.62101],[92.53239,22.63307],[92.52479,22.64006],[92.52888,22.66466],[92.51682,22.72226],[92.50545,22.7392],[92.47413,22.74674],[92.472,22.79642],[92.4544,22.81909],[92.46202,22.83084],[92.45281,22.84275],[92.46371,22.84204],[92.45654,22.85131],[92.46451,22.85428],[92.45205,22.86279],[92.46032,22.87094],[92.44779,22.87702],[92.44984,22.89388],[92.43418,22.88542],[92.42029,22.91891],[92.4006,22.91187],[92.39684,22.93032],[92.37142,22.93625],[92.37425,22.97119],[92.38501,22.9862],[92.3822,23.03315],[92.39237,23.0564],[92.37995,23.08662],[92.35817,23.10321],[92.36806,23.12734],[92.35682,23.1343],[92.36469,23.15666],[92.34652,23.23647],[92.4042,23.24083],[92.38096,23.28522],[92.38584,23.30609],[92.36433,23.32297],[92.37895,23.36186],[92.37069,23.37355],[92.36397,23.36607],[92.35655,23.37204],[92.36496,23.37985],[92.3526,23.38117],[92.35736,23.41056],[92.34753,23.41311],[92.34632,23.43322],[92.33388,23.42854],[92.32695,23.44882],[92.33311,23.45606],[92.32533,23.45933],[92.33172,23.46638],[92.31688,23.47165],[92.32608,23.47881],[92.31594,23.48678],[92.31769,23.52638],[92.30622,23.53504],[92.31343,23.55587],[92.30818,23.57803],[92.30135,23.59288],[92.28716,23.59611],[92.28746,23.61688],[92.29617,23.62145],[92.28313,23.63043],[92.27858,23.62488],[92.28207,23.63849],[92.27297,23.64221],[92.29127,23.68146],[92.27997,23.71938],[92.24125,23.72039],[92.2332,23.66746],[92.21468,23.6521],[92.20617,23.67261],[92.21378,23.68525],[92.20296,23.7058],[92.17803,23.7077],[92.17108,23.73914],[92.14828,23.73556],[92.12083,23.69288],[92.10023,23.67671],[92.08339,23.67998],[92.07935,23.64869],[92.04709,23.64578],[92.00085,23.6707],[91.97813,23.73321],[91.95703,23.73412],[91.94823,23.71421],[91.95803,23.69463],[91.934,23.68466],[91.95415,23.60956],[91.96453,23.53532],[91.95593,23.52713],[91.97095,23.50343],[91.97027,23.47829],[91.93716,23.46662],[91.94325,23.43545],[91.89957,23.4408],[91.87264,23.414],[91.8451,23.40626],[91.82486,23.35388],[91.8126,23.35375],[91.80269,23.33445],[91.79303,23.33511],[91.762,23.30012],[91.76122,23.2771],[91.77701,23.26929],[91.77614,23.24327],[91.79117,23.22692],[91.789,23.20431],[91.81001,23.16534],[91.81315,23.09857],[91.83566,23.09236],[91.81626,23.08273],[91.81867,23.07259],[91.80629,23.06345],[91.77434,23.06946],[91.78014,23.029],[91.76821,23.0409],[91.7718,23.03323],[91.72066,22.98761],[91.70844,22.98176],[91.6941,22.98835],[91.679,22.97611],[91.67573,22.9827],[91.65156,22.97648],[91.64533,22.98481],[91.63545,22.96113],[91.62461,22.96198],[91.61858,22.93731],[91.6156,22.9517],[91.60011,22.95481],[91.61358,22.95839],[91.6059,22.97184],[91.59041,22.97704],[91.57658,22.96518],[91.55728,22.97856],[91.55697,22.99669],[91.54251,22.99967],[91.54817,23.01934],[91.53826,23.01931],[91.55031,23.03849],[91.53021,23.03839],[91.53623,23.05462],[91.52505,23.05542],[91.53526,23.06346],[91.52512,23.08291],[91.52974,23.09176],[91.51889,23.09426],[91.5223,23.10412],[91.51126,23.10436],[91.51748,23.12556],[91.50313,23.13063],[91.51528,23.14493],[91.49984,23.142],[91.49482,23.14724],[91.50718,23.15436],[91.49093,23.15776],[91.4982,23.17176],[91.49169,23.17768],[91.50749,23.18379],[91.50317,23.19221],[91.4849,23.18832],[91.47077,23.19654],[91.48241,23.19855],[91.48442,23.20932],[91.47537,23.22048],[91.45839,23.21335],[91.4505,23.2193],[91.47028,23.22777],[91.45786,23.24616],[91.44786,23.24385],[91.45417,23.26042],[91.41827,23.25563],[91.41152,23.28414],[91.41134,23.25573],[91.39752,23.26518],[91.4087,23.24773],[91.39244,23.24594],[91.40079,23.22925],[91.38644,23.22767],[91.3921,23.22018],[91.38072,23.20857],[91.3877,23.20801],[91.37989,23.18459],[91.4034,23.11386],[91.40023,23.09654],[91.41724,23.0826],[91.41084,23.06629],[91.41724,23.06465],[91.39584,23.0562],[91.36975,23.0705],[91.34696,23.10244],[91.34758,23.11889],[91.32339,23.15821],[91.31869,23.24561],[91.32653,23.25246],[91.31803,23.25307],[91.30981,23.27653],[91.31701,23.28195],[91.30023,23.29261],[91.31501,23.29684],[91.31314,23.3065],[91.28989,23.31863],[91.29615,23.34078],[91.31081,23.34257],[91.32009,23.36024],[91.29107,23.35068],[91.29479,23.36136],[91.2843,23.37108],[91.29447,23.3756],[91.27973,23.3766],[91.27644,23.41482],[91.2515,23.45289],[91.24929,23.49028],[91.23633,23.48914],[91.23552,23.50191],[91.21993,23.49841],[91.22356,23.51417],[91.20074,23.52022],[91.21293,23.55053],[91.19442,23.54744],[91.18724,23.57761],[91.17712,23.5933],[91.16247,23.59508],[91.15964,23.61059],[91.15632,23.6709],[91.19958,23.64652],[91.2084,23.68652],[91.15343,23.68877],[91.15714,23.74223],[91.19667,23.75119],[91.21898,23.73658],[91.23067,23.765],[91.23301,23.81111],[91.25414,23.83717],[91.22965,23.88114],[91.22851,23.89865],[91.2463,23.91372],[91.23275,23.92722],[91.27622,23.92266],[91.26423,23.94436],[91.28482,23.98269],[91.28743,23.96813],[91.29978,23.97231],[91.30393,23.99829],[91.3793,23.97537],[91.37323,24.00294],[91.39654,24.04977],[91.37707,24.08002],[91.37448,24.10754],[91.41231,24.11588],[91.44224,24.09676],[91.47447,24.10025],[91.54539,24.0744],[91.57446,24.08012],[91.58611,24.07272],[91.59954,24.08548],[91.59098,24.09134],[91.59573,24.09729],[91.61126,24.09187],[91.63819,24.1042],[91.63452,24.13836],[91.64657,24.1567],[91.6466,24.17934],[91.65562,24.17628],[91.66006,24.18979],[91.64769,24.21877],[91.66587,24.23354],[91.68813,24.16218],[91.70202,24.16425],[91.72851,24.1434],[91.76256,24.1418],[91.74477,24.24742],[91.81648,24.21009],[91.83678,24.22546],[91.85048,24.22375],[91.84563,24.21724],[91.85539,24.21233],[91.84195,24.20054],[91.84529,24.19139],[91.87402,24.17399],[91.88495,24.13871],[91.90158,24.13665],[91.91452,24.15367],[91.9405,24.26845],[91.91991,24.33709],[91.95728,24.35663],[91.98161,24.32316],[91.99572,24.3222],[91.99822,24.33483],[91.96969,24.38467],[91.98565,24.37591],[91.9877,24.39111],[91.99667,24.39384],[92.00777,24.38139],[92.02,24.38671],[92.04395,24.37494],[92.09727,24.37253],[92.10176,24.38279],[92.12192,24.38238],[92.13664,24.42512],[92.16396,24.41863],[92.16929,24.428],[92.15345,24.47204],[92.15454,24.52321],[92.16932,24.5319],[92.21236,24.50369],[92.22368,24.5174],[92.25436,24.67808],[92.2964,24.73665],[92.27911,24.74558],[92.2926,24.75665],[92.28878,24.78801],[92.27296,24.79952],[92.27303,24.82759],[92.24992,24.8303],[92.25469,24.83858],[92.24142,24.84217],[92.23507,24.86182],[92.24627,24.86757],[92.24812,24.88606],[92.2318,24.90026],[92.29944,24.91598],[92.33946,24.87829],[92.34684,24.89389],[92.36318,24.8723],[92.37501,24.87366],[92.38447,24.85268],[92.39982,24.8487],[92.40629,24.85935],[92.43865,24.85636],[92.44256,24.8709],[92.47624,24.86796],[92.49798,24.87645],[92.49472,24.91837],[92.48427,24.92887],[92.48871,24.94846],[92.44941,24.93987],[92.45125,24.95168],[92.46914,24.96405],[92.45695,24.97154],[92.41897,24.96654],[92.42545,25.0303],[92.33961,25.05024],[92.34746,25.07356],[92.33475,25.07868],[92.31081,25.06944],[92.22736,25.09316],[92.20724,25.11144],[92.20933,25.11859],[92.22734,25.11751],[92.19353,25.12643],[92.18847,25.13591],[92.18194,25.11915],[92.16458,25.12634],[92.16406,25.13605],[92.13409,25.14271],[92.14053,25.15473],[92.13264,25.16011],[92.06169,25.18785],[92.02542,25.17935],[92.00371,25.18601],[91.97617,25.16834],[91.91927,25.18245],[91.88052,25.17305],[91.82736,25.17746],[91.77578,25.16332],[91.75214,25.17611],[91.74471,25.16965],[91.74686,25.14051],[91.70309,25.15931],[91.69181,25.13731],[91.66964,25.13798],[91.63776,25.12271],[91.62303,25.12805],[91.62134,25.14356],[91.60188,25.14295],[91.59883,25.15947],[91.61246,25.1763],[91.57723,25.17285],[91.57603,25.16043],[91.56287,25.16082],[91.55705,25.1499],[91.50933,25.14759],[91.4998,25.13572],[91.47041,25.13394],[91.46397,25.1351],[91.46847,25.152],[91.4403,25.15013],[91.41452,25.17131],[91.41035,25.16333],[91.36274,25.1784],[91.35365,25.17141],[91.2862,25.18559],[91.29207,25.19325],[91.26791,25.20731],[91.25039,25.19628],[91.07476,25.19766],[90.92546,25.16205],[90.88409,25.16656],[90.86212,25.1577],[90.80584,25.16603],[90.78042,25.18622],[90.76012,25.16837],[90.7343,25.16659],[90.74154,25.16075],[90.73321,25.15515],[90.71014,25.16889],[90.69791,25.15706],[90.68241,25.16477],[90.68561,25.17497],[90.67361,25.1764],[90.66607,25.16586],[90.66326,25.19745],[90.65644,25.18516],[90.64904,25.19372],[90.64114,25.1749],[90.50877,25.17674],[90.50958,25.17039],[90.44094,25.14464],[90.37043,25.16298],[90.33014,25.19381],[90.3103,25.18889],[90.22509,25.20083],[90.17204,25.22253],[90.1188,25.22329],[90.05498,25.26045],[89.98054,25.28092],[89.96655,25.30377],[89.94905,25.29285],[89.94373,25.30464],[89.90865,25.30818],[89.87648,25.28541],[89.83831,25.29324],[89.83113,25.29618],[89.84107,25.31657],[89.82297,25.34901],[89.81983,25.38184],[89.83294,25.4382],[89.85218,25.466],[89.84913,25.49254],[89.86008,25.51725],[89.85121,25.53872],[89.86593,25.54645],[89.88238,25.61728],[89.87099,25.66258],[89.84642,25.69583],[89.851,25.71161],[89.83529,25.71598],[89.82741,25.73228],[89.84098,25.76115],[89.82591,25.81056],[89.81647,25.8155],[89.83453,25.84036],[89.83245,25.87069],[89.88694,25.94534],[89.82534,25.94546],[89.83025,25.95535],[89.84904,25.94906],[89.83859,25.9682],[89.87159,25.97412],[89.87112,25.98107],[89.85084,25.98959],[89.83536,26.01074],[89.83592,25.98235],[89.81948,25.98808],[89.81921,26.02596],[89.80881,26.0433],[89.79042,26.01785],[89.80167,26.04035],[89.77353,26.03773],[89.78838,26.04863],[89.78518,26.05682],[89.79859,26.05931],[89.79458,26.08799],[89.78118,26.08352],[89.78421,26.10524],[89.75631,26.10914],[89.7661,26.1308],[89.7475,26.15753],[89.7204,26.15637],[89.71461,26.16891],[89.70186,26.15193],[89.68145,26.16372],[89.70126,26.17351],[89.68747,26.18157],[89.68636,26.1983],[89.67338,26.20173],[89.69173,26.21284],[89.67985,26.21402],[89.67879,26.22364],[89.68941,26.2214],[89.67925,26.23831],[89.67187,26.21994],[89.63427,26.22922],[89.63263,26.21002],[89.64949,26.19026],[89.64357,26.18513],[89.63014,26.19589],[89.62769,26.18408],[89.65535,26.18154],[89.64925,26.16453],[89.63189,26.17238],[89.637,26.1789],[89.62471,26.1713],[89.62372,26.17924],[89.60906,26.18061],[89.61928,26.16759],[89.61038,26.15472],[89.59083,26.1573],[89.60385,26.1176],[89.62577,26.12872],[89.63009,26.11851],[89.61581,26.10669],[89.59785,26.11291],[89.59628,26.09856],[89.60886,26.08874],[89.61403,26.10408],[89.62978,26.10728],[89.63965,26.09016],[89.63367,26.08075],[89.65012,26.06283],[89.62062,26.05348],[89.60508,26.06365],[89.6127,26.05265],[89.59218,26.0449],[89.59723,26.0379],[89.57864,26.02635],[89.58662,25.98083],[89.57378,25.98012],[89.57744,25.9691],[89.5688,25.96781],[89.56598,25.98039],[89.55756,25.96542],[89.54008,25.97017],[89.53504,25.98913],[89.54812,26.00018],[89.54076,26.00599],[89.49117,26.00625],[89.48055,25.99689],[89.4308,26.01115],[89.43266,26.03832],[89.42351,26.04757],[89.39077,26.02304],[89.39316,26.00651],[89.3564,26.00768],[89.30032,26.05042],[89.27562,26.04913],[89.2805,26.06569],[89.25398,26.06405],[89.26651,26.09392],[89.25119,26.0914],[89.22973,26.12389],[89.19243,26.1242],[89.15533,26.13832],[89.14899,26.1585],[89.15715,26.16324],[89.13448,26.18122],[89.14927,26.20884],[89.14087,26.23585],[89.11975,26.25277],[89.12517,26.26356],[89.1,26.27958],[89.10468,26.31592],[89.1225,26.28653],[89.13622,26.32019],[89.11271,26.31855],[89.09712,26.32934],[89.08432,26.32223],[89.1013,26.33661],[89.09782,26.35911],[89.07953,26.36296],[89.08835,26.36578],[89.09623,26.39096],[89.08015,26.38998],[89.08738,26.39773],[89.03496,26.39517],[89.00585,26.42152],[88.99354,26.42308],[88.99373,26.41287],[88.98069,26.42538],[88.98318,26.44661],[88.9565,26.45967],[88.96518,26.4513],[88.94611,26.44805],[88.9447,26.4257],[88.92614,26.43215],[88.93272,26.42691],[88.92322,26.42357],[88.92644,26.40712],[88.90466,26.40862],[88.91811,26.40049],[88.90897,26.38016],[88.92073,26.3787],[88.91027,26.37038],[88.91887,26.35945],[88.95833,26.36179],[88.94624,26.34641],[88.95895,26.34364],[88.95238,26.3316],[88.96283,26.33639],[88.96134,26.35243],[88.98717,26.34842],[88.98546,26.33286],[89.00087,26.32988],[88.99142,26.32234],[88.997,26.31389],[88.98465,26.31781],[88.98261,26.31002],[88.98481,26.30068],[88.99749,26.29976],[88.99587,26.29009],[89.00671,26.30477],[89.01831,26.28979],[89.02108,26.3092],[89.02681,26.30551],[89.01914,26.28925],[89.04052,26.28591],[89.03979,26.27664],[89.04794,26.28054],[89.04572,26.29559],[89.06016,26.29312],[89.06284,26.27833],[89.05417,26.27741],[89.06256,26.25364],[89.05189,26.25613],[89.0507,26.24175],[89.02742,26.24777],[88.95895,26.24021],[88.92621,26.28392],[88.89834,26.28877],[88.87575,26.28659],[88.86174,26.27347],[88.86142,26.25204],[88.87782,26.23355],[88.84151,26.23086],[88.82754,26.23973],[88.82922,26.25015],[88.81311,26.25547],[88.80993,26.27703],[88.81902,26.29459],[88.79345,26.31006],[88.76405,26.29896],[88.74724,26.31105],[88.74457,26.28933],[88.71971,26.29311],[88.71884,26.28208],[88.68542,26.2797],[88.69224,26.2693],[88.68311,26.26096],[88.66617,26.26283],[88.66792,26.2973],[88.68075,26.29558],[88.68613,26.28215],[88.70879,26.28807],[88.68426,26.29459],[88.675,26.32019],[88.69565,26.3288],[88.69707,26.31216],[88.74644,26.32243],[88.74866,26.33172],[88.73406,26.32874],[88.74542,26.34792],[88.73314,26.35392],[88.72602,26.34137],[88.71264,26.34372],[88.70261,26.33454],[88.69618,26.36204],[88.6809,26.37981],[88.7022,26.38856],[88.66963,26.39719],[88.68732,26.40107],[88.68593,26.41302],[88.66776,26.40729],[88.64444,26.41899],[88.64974,26.42971],[88.62377,26.43506],[88.62289,26.47102],[88.59434,26.47086],[88.59267,26.44999],[88.55989,26.45758],[88.55682,26.48534],[88.52649,26.48072],[88.52139,26.51057],[88.50706,26.51649],[88.48943,26.51022],[88.48457,26.5413],[88.4588,26.54721],[88.4481,26.53537],[88.43586,26.54515],[88.42132,26.5706],[88.41602,26.63168],[88.39947,26.62663],[88.38693,26.6108],[88.3977,26.60177],[88.37682,26.59353],[88.35919,26.52913],[88.33212,26.49495],[88.33159,26.48195],[88.35307,26.44765],[88.36572,26.47114],[88.36024,26.48427],[88.37158,26.48797],[88.38842,26.47829],[88.4047,26.48598],[88.41947,26.46586],[88.43413,26.4727],[88.48514,26.4604],[88.47851,26.45247],[88.49702,26.43647],[88.48933,26.43106],[88.5035,26.41768],[88.49577,26.40895],[88.50984,26.40817],[88.50439,26.39872],[88.52,26.39022],[88.5126,26.37698],[88.52504,26.37545],[88.51475,26.3647],[88.52422,26.35944],[88.50439,26.34875],[88.50771,26.36262],[88.48821,26.36036],[88.4922,26.35112],[88.48023,26.3507],[88.45874,26.36225],[88.45764,26.37664],[88.4342,26.33523],[88.41267,26.33745],[88.40335,26.32895],[88.41561,26.32443],[88.41483,26.31516],[88.38413,26.3132],[88.34954,26.28234],[88.34844,26.25024],[88.3598,26.24265],[88.35025,26.22034],[88.30089,26.19662],[88.28545,26.20068],[88.2693,26.18639],[88.24713,26.19067],[88.23313,26.18459],[88.23838,26.17814],[88.22731,26.168],[88.21464,26.17009],[88.21635,26.16279],[88.20483,26.15857],[88.196,26.16379],[88.19561,26.15206],[88.17701,26.14798],[88.17291,26.12725],[88.17963,26.12477],[88.15792,26.09699],[88.16552,26.08744],[88.15746,26.07948],[88.16826,26.08305],[88.18413,26.07252],[88.17857,26.04663],[88.16907,26.04586],[88.1705,26.03302],[88.18348,26.02515],[88.13955,26.01312],[88.14376,26.00082],[88.1296,25.997],[88.12422,25.96637],[88.11506,25.96248],[88.1223,25.94806],[88.08574,25.91681],[88.09383,25.90989],[88.08923,25.8963],[88.10295,25.88889],[88.09327,25.87378],[88.10095,25.86229],[88.11209,25.86515],[88.11348,25.8524],[88.10026,25.84344],[88.10882,25.8377],[88.10105,25.82904],[88.11147,25.82171],[88.10692,25.81513],[88.11997,25.81255],[88.11446,25.79832],[88.14435,25.79403],[88.14107,25.78061],[88.15085,25.77566],[88.1837,25.80198],[88.20992,25.78696],[88.21477,25.80066],[88.23059,25.79641],[88.2366,25.81012],[88.26942,25.80833],[88.26644,25.78259],[88.31416,25.75509],[88.32066,25.73751],[88.33746,25.73772],[88.37438,25.71692],[88.37133,25.69658],[88.40413,25.68558],[88.40188,25.67263],[88.45376,25.66497],[88.45618,25.62864],[88.44415,25.59698],[88.45846,25.59868],[88.47002,25.58316],[88.49996,25.58404],[88.49346,25.55887],[88.52349,25.53522],[88.53322,25.54214],[88.5399,25.5084],[88.55215,25.52082],[88.59546,25.5061],[88.60898,25.51643],[88.60674,25.50849],[88.62242,25.49702],[88.64846,25.49688],[88.64686,25.47794],[88.69932,25.47133],[88.71031,25.48076],[88.70748,25.49998],[88.74225,25.50515],[88.74415,25.48826],[88.7673,25.49775],[88.75747,25.50936],[88.75983,25.52556],[88.78231,25.51524],[88.81047,25.5233],[88.8132,25.48923],[88.82961,25.49036],[88.8393,25.45824],[88.82616,25.44461],[88.83427,25.43182],[88.82992,25.41707],[88.8126,25.41052],[88.84076,25.39727],[88.84088,25.36389],[88.86884,25.35229],[88.8665,25.34298],[88.88426,25.32584],[88.88761,25.3372],[88.90617,25.33777],[88.91511,25.3125],[88.92832,25.3168],[88.92936,25.30422],[88.98523,25.30605],[88.9851,25.29872],[89.00041,25.29513],[89.00894,25.30307],[89.0084,25.26439],[88.98666,25.27455],[88.95616,25.25516],[88.95156,25.23258],[88.96134,25.20852],[88.93633,25.2106],[88.93359,25.19966],[88.94747,25.19457],[88.94856,25.17787],[88.94066,25.17356],[88.93336,25.18181],[88.92303,25.16511],[88.91166,25.16827],[88.91084,25.18019],[88.87506,25.17916],[88.87475,25.19623],[88.86406,25.19014],[88.86488,25.20075],[88.85147,25.20065],[88.84384,25.2139],[88.80581,25.17062],[88.77389,25.17967],[88.76931,25.18994],[88.74914,25.17674],[88.75091,25.1832],[88.73444,25.18471],[88.73293,25.19884],[88.7113,25.20774],[88.67999,25.20906],[88.66927,25.1982],[88.6127,25.20421],[88.56555,25.1752],[88.55589,25.1792],[88.55745,25.19276],[88.53393,25.18778],[88.53792,25.19787],[88.49993,25.20352],[88.49929,25.2102],[88.47541,25.21344],[88.46357,25.19494],[88.43725,25.1987],[88.44172,25.2105],[88.43537,25.19967],[88.44345,25.19524],[88.44175,25.17357],[88.45765,25.16465],[88.46213,25.14974],[88.45929,25.13532],[88.44137,25.12787],[88.4527,25.07918],[88.43503,25.05597],[88.4378,25.04281],[88.45265,25.03715],[88.43642,25.00649],[88.42524,25.01625],[88.42056,24.99944],[88.41189,24.99868],[88.41737,24.97451],[88.40513,24.97982],[88.39523,24.96917],[88.39899,24.94524],[88.38056,24.93928],[88.36373,24.95344],[88.34043,24.94041],[88.33661,24.91875],[88.32423,24.91624],[88.33241,24.89743],[88.34714,24.89246],[88.33031,24.87018],[88.31776,24.88393],[88.30185,24.87186],[88.30188,24.88596],[88.27799,24.88818],[88.27613,24.89787],[88.26713,24.87835],[88.25716,24.87796],[88.26104,24.91774],[88.22384,24.96178],[88.17016,24.95041],[88.15737,24.93351],[88.13789,24.93631],[88.13999,24.91402],[88.16893,24.89298],[88.15258,24.88445],[88.17502,24.86022],[88.16204,24.85824],[88.16022,24.84851],[88.14527,24.85139],[88.14098,24.83442],[88.1322,24.83614],[88.13642,24.80534],[88.12349,24.82316],[88.10547,24.80114],[88.10606,24.7797],[88.08896,24.78299],[88.06827,24.76923],[88.07239,24.74369],[88.06211,24.72092],[88.00861,24.66782],[88.03624,24.64583],[88.09535,24.55851],[88.14156,24.51074],[88.17328,24.49325],[88.20348,24.46],[88.27206,24.44058],[88.33389,24.38152],[88.38857,24.37149],[88.42567,24.38324],[88.44497,24.37891],[88.50912,24.34327],[88.52649,24.34477],[88.55507,24.29341],[88.57005,24.32707],[88.58705,24.32538],[88.58774,24.31459],[88.60079,24.31074],[88.62347,24.31552],[88.62956,24.306],[88.69879,24.31368],[88.72221,24.30047],[88.7354,24.27907],[88.73132,24.17333],[88.74609,24.14698],[88.69868,24.12066],[88.72446,24.06828],[88.74251,24.05539],[88.74179,24.04845],[88.72383,24.0474],[88.74084,24.03589],[88.72898,23.99421],[88.75791,24.00698],[88.76944,23.98207],[88.73785,23.98324],[88.73241,23.96127],[88.74246,23.95114],[88.74334,23.92979],[88.73494,23.93305],[88.7334,23.91109],[88.70632,23.9164],[88.69929,23.91024],[88.70526,23.90023],[88.6884,23.90159],[88.6829,23.88872],[88.66427,23.8825],[88.66756,23.86962],[88.62712,23.86515],[88.61756,23.87688],[88.60834,23.86295],[88.58768,23.87178],[88.57548,23.86182],[88.57838,23.85074],[88.59111,23.85261],[88.58644,23.83115],[88.60202,23.81701],[88.59464,23.80886],[88.58508,23.81379],[88.59613,23.80503],[88.57796,23.78673],[88.55605,23.78463],[88.57954,23.7748],[88.58097,23.76057],[88.57014,23.74822],[88.57628,23.73326],[88.5647,23.7121],[88.57383,23.66705],[88.55827,23.64923],[88.56237,23.63711],[88.59378,23.6409],[88.59421,23.61697],[88.58533,23.61653],[88.58039,23.6028],[88.64611,23.60916],[88.63869,23.59085],[88.65056,23.5853],[88.6538,23.55641],[88.68291,23.54185],[88.69556,23.5173],[88.72451,23.51215],[88.74143,23.47975],[88.76083,23.47872],[88.76149,23.49075],[88.77464,23.48021],[88.77028,23.49759],[88.78652,23.50719],[88.78521,23.49803],[88.80079,23.49729],[88.80017,23.48227],[88.78748,23.46988],[88.79542,23.4431],[88.7803,23.43775],[88.76386,23.44805],[88.75438,23.41652],[88.76066,23.4092],[88.74947,23.40091],[88.76286,23.38733],[88.76542,23.36735],[88.74769,23.36223],[88.74599,23.34902],[88.73208,23.35224],[88.73902,23.34316],[88.733,23.32769],[88.74969,23.32141],[88.7455,23.30779],[88.73136,23.3084],[88.73026,23.31979],[88.72562,23.2987],[88.70668,23.30391],[88.71078,23.31291],[88.69619,23.30218],[88.69738,23.29204],[88.72419,23.27206],[88.71876,23.25515],[88.75206,23.24],[88.76946,23.24491],[88.77801,23.23606],[88.77437,23.22453],[88.78975,23.21844],[88.81145,23.22168],[88.81152,23.25619],[88.82912,23.24483],[88.82413,23.23388],[88.8366,23.24382],[88.84452,23.23068],[88.87329,23.23449],[88.88601,23.22608],[88.90678,23.23605],[88.91463,23.2135],[88.92658,23.21802],[88.94262,23.20618],[88.97081,23.22272],[88.97854,23.2151],[88.97598,23.22455],[88.9795,23.21599],[88.98262,23.22196],[88.99582,23.21501],[88.97989,23.21237],[88.98769,23.20275],[88.9801,23.1826],[88.9665,23.19378],[88.93887,23.17737],[88.92757,23.16274],[88.93075,23.1431],[88.92328,23.14536],[88.89973,23.11135],[88.86872,23.10099],[88.87451,23.09002],[88.86097,23.0774],[88.88413,23.04035],[88.87215,23.01692],[88.87997,23.00693],[88.8449,23.00924],[88.86532,23.0009],[88.87113,22.97886],[88.85594,22.96566],[88.85952,22.94269],[88.89397,22.95241],[88.88709,22.93361],[88.90816,22.91967],[88.89536,22.91375],[88.90936,22.87991],[88.9293,22.87209],[88.94528,22.88081],[88.96852,22.84497],[88.95876,22.79725],[88.9374,22.79302],[88.91154,22.75725],[88.92052,22.75308],[88.91633,22.73674],[88.92785,22.71821],[88.96231,22.69447],[88.94503,22.66228],[88.92611,22.65211],[88.93453,22.61812],[88.96033,22.61607],[88.93904,22.59085],[88.93763,22.56015],[88.96062,22.55027],[88.97639,22.4943],[88.9962,22.46941],[88.98983,22.4449],[89.00009,22.42958],[88.97234,22.41128],[88.99035,22.3921],[88.98477,22.32619],[89.00015,22.32377],[89.02437,22.29582],[88.9988,22.29661],[88.99598,22.28575],[89.0187,22.26994],[89.01512,22.2538],[89.03315,22.25851],[89.03962,22.2282],[89.07074,22.1969],[89.06305,22.1697],[89.07141,22.14855],[89.0895,22.15963],[89.09803,22.15509],[89.03994,22.10249],[89.04369,22.04911],[89.03367,22.0458],[89.04539,22.04244],[89.07641,21.9975],[89.06362,21.93654],[89.03083,21.92523],[89.00747,21.94022],[89.00283,21.95233],[89.01911,21.97611],[88.99453,21.95081],[89.01866,21.92369],[89.01671,21.8994],[88.99333,21.90458],[88.98575,21.89556],[89.03208,21.86319],[89.03455,21.85233],[89.02372,21.84564],[89.03369,21.839],[89.0295,21.82069],[89.00203,21.80903],[89.02084,21.81025],[89.02539,21.75572],[89.06036,21.72817],[89.0537,21.72067],[89.07533,21.70153],[89.0712,21.68736],[89.09122,21.67569],[89.09956,21.63733],[89.07242,21.61361],[89.05742,21.61194],[89.03125,21.634],[89.03122,21.65483],[89.01997,21.66031],[89.027,21.62903],[89.04205,21.61817],[89.02664,21.59864],[89.00408,21.59942],[89,21.61947],[88.98495,21.60872],[88.95747,21.61708],[88.94041,21.64497],[88.94475,21.66575],[88.92,21.63036],[88.88625,21.65828],[88.87209,21.7058],[88.88539,21.74328],[88.87875,21.76583],[88.85997,21.77706],[88.83916,21.77706],[88.83186,21.76775],[88.86708,21.75747],[88.84292,21.70997],[88.84703,21.67247],[88.86461,21.63581],[88.84998,21.62289],[88.84625,21.63831],[88.84914,21.61619],[88.81747,21.62372],[88.80956,21.63414],[88.82625,21.65911],[88.81866,21.68392],[88.8008,21.65458],[88.7533,21.66956],[88.75872,21.66083],[88.75164,21.65872],[88.7225,21.67789],[88.69791,21.7425],[88.71372,21.8033],[88.72203,21.80419],[88.70705,21.81581],[88.70914,21.82536],[88.71917,21.82539],[88.70417,21.82122],[88.69789,21.83914],[88.70836,21.85292],[88.72039,21.8525],[88.70667,21.85458],[88.70164,21.84455],[88.70036,21.85667],[88.71786,21.90247],[88.72791,21.89997],[88.71958,21.91331],[88.73045,21.93011],[88.72703,21.975],[88.75164,21.97622],[88.75831,21.96789],[88.7628,22.01072],[88.77864,22.01406],[88.76283,22.01825],[88.75111,22.04572],[88.7628,22.04989],[88.74944,22.05406],[88.75486,22.07533],[88.72652,22.0528],[88.69825,22.0745],[88.6853,22.06739],[88.6915,22.05197],[88.73531,22.02989],[88.73783,22.01069],[88.71989,22.00281],[88.66364,22.02075],[88.65617,22.06408],[88.63905,22.07619],[88.62617,22.06158],[88.6378,22.03989],[88.61908,22.01783],[88.60323,22.01861],[88.59864,22.03069],[88.6003,22.01739],[88.61361,22.01244],[88.60125,21.96497],[88.61664,21.92953],[88.57872,21.97581],[88.58039,21.95417],[88.61372,21.9208],[88.58583,21.88872],[88.57078,21.90705],[88.57956,21.88831],[88.57625,21.8575],[88.56375,21.83083],[88.55495,21.83039],[88.55497,21.81536],[88.53461,21.84],[88.55209,21.87578],[88.52661,21.85206],[88.49958,21.8758],[88.52789,21.91914],[88.5183,21.94792],[88.5,21.95542],[88.51125,21.93828],[88.50461,21.91414],[88.48244,21.90619],[88.47581,21.89289],[88.45789,21.89581],[88.48206,21.88497],[88.49125,21.84086],[88.44875,21.81164],[88.4525,21.80042],[88.47791,21.7875],[88.45625,21.70997],[88.47292,21.67083],[88.45086,21.61205],[88.42958,21.6067],[88.44041,21.62333],[88.42039,21.65328],[88.41956,21.68667],[88.43456,21.70164],[88.42416,21.71875],[88.42872,21.70003],[88.41372,21.68667],[88.41289,21.65161],[88.43369,21.61994],[88.41497,21.61122],[88.40955,21.59247],[88.39661,21.59125],[88.38622,21.60744],[88.39122,21.62336],[88.37955,21.67497],[88.39956,21.69831],[88.40208,21.71997],[88.37247,21.72206],[88.365,21.73125],[88.36747,21.71958],[88.39706,21.71417],[88.36833,21.68206],[88.34872,21.69247],[88.34333,21.72042],[88.32667,21.72203],[88.3287,21.70917],[88.31664,21.70708],[88.3062,21.71417],[88.30747,21.73039],[88.29498,21.70542],[88.27495,21.73372],[88.2812,21.71],[88.30952,21.67494],[88.29456,21.64747],[88.28622,21.59914],[88.30959,21.57917],[88.2908,21.55625],[88.24664,21.56122],[88.21536,21.61253],[88.23458,21.63583],[88.23289,21.66664],[88.19875,21.68083],[88.21958,21.69831],[88.21203,21.7275],[88.21956,21.76169],[88.20286,21.81244],[88.16872,21.86914],[88.17625,21.92583],[88.15622,21.9558],[88.19289,21.995],[88.22447,22.07494],[88.20866,22.14911],[88.18078,22.19119],[88.07408,22.207],[88.05647,22.22433],[88.04828,22.21619],[88.01955,22.22292],[88.02161,22.20036],[88.03745,22.20783],[88.06747,22.18617],[88.13328,22.18367],[88.18872,22.11742],[88.19033,22.10411],[88.14831,22.0595],[88.07244,22.01453],[88.04828,22.0145],[88.04877,21.99414],[88.02541,21.96167],[88.01289,21.91417],[87.97375,21.85417],[87.91914,21.80125],[87.89328,21.79289],[87.87564,21.81739],[87.89125,21.78997],[87.88711,21.77744],[87.79456,21.69914],[87.80417,21.69622],[87.75083,21.69619],[87.75414,21.68458],[87.70917,21.66042],[87.65747,21.64622],[87.64203,21.64917],[87.64581,21.65792],[87.63416,21.64372],[87.55747,21.63619],[87.43414,21.59625],[87.38747,21.57122],[87.3475,21.58292],[87.3405,21.57775],[87.34164,21.57042],[87.37497,21.56042],[87.37666,21.55042],[87.27998,21.55625],[87.17997,21.54289],[87.19711,21.55497],[87.18747,21.55458],[87.17208,21.54997],[87.16956,21.53831],[87.20123,21.545],[87.12753,21.51295],[87.12078,21.51875],[87.13292,21.51833],[87.10914,21.51875],[87.09248,21.53706],[87.09827,21.52375],[87.11792,21.51414],[87.10875,21.50164],[87.07584,21.47292],[87.06,21.48206],[87.03875,21.47833],[87.06045,21.47],[86.99245,21.41542],[86.92,21.33622],[86.91211,21.33833],[86.91541,21.33161],[86.89619,21.3133],[86.83833,21.20453],[86.83208,21.21244],[86.82708,21.13664],[86.85378,21.06581],[86.89208,21.01003],[86.91292,20.9525],[86.93706,20.91664],[86.96125,20.86328],[86.95375,20.85331],[86.96083,20.85458],[86.97456,20.82078],[86.9675,20.78205],[86.8875,20.79711],[86.86914,20.78792],[86.86761,20.77522],[86.89244,20.76703],[86.9958,20.76961],[87.01122,20.73831],[87.00336,20.71208],[86.92578,20.71042],[86.98122,20.705],[86.96416,20.69456],[86.98581,20.70286],[87.02245,20.69706],[87.06958,20.72081],[86.86911,20.59042],[86.86083,20.59295],[86.86711,20.58828],[86.79667,20.54042],[86.76914,20.50286],[86.73164,20.53461],[86.76208,20.5025],[86.7458,20.46875],[86.7383,20.47958],[86.71584,20.47875],[86.73789,20.47667],[86.73542,20.41583],[86.72583,20.39625],[86.70792,20.40914],[86.72,20.39378],[86.74664,20.40042],[86.73914,20.38289],[86.75919,20.39869],[86.74497,20.37706],[86.77914,20.39542],[86.78458,20.38583],[86.76872,20.36997],[86.78789,20.37664],[86.7683,20.32878],[86.7375,20.31122],[86.72914,20.31542],[86.72164,20.30208],[86.68955,20.30611],[86.6842,20.29122],[86.67377,20.29414],[86.68833,20.28544],[86.72414,20.29375],[86.78831,20.33953],[86.80542,20.36417],[86.79875,20.34667],[86.73253,20.29458],[86.68166,20.26792],[86.67206,20.27417],[86.67914,20.25961],[86.52086,20.18458],[86.51373,20.17011],[86.54292,20.18753],[86.53911,20.19289],[86.55419,20.19375],[86.52122,20.16331],[86.47789,20.09164],[86.43955,20.05747],[86.43456,20.01914],[86.42253,20.00206],[86.38245,19.96544],[86.37833,19.99125],[86.36661,19.97789],[86.34253,19.98044],[86.32681,19.99358],[86.315,19.98792],[86.3158,19.98039],[86.3233,19.98456],[86.35083,19.96292],[86.37331,19.95875],[86.37164,19.95208],[86.31167,19.94292],[86.2375,19.90622],[86.24333,19.92122],[86.21958,19.9108],[86.23539,19.90414],[86.21664,19.89456],[86.06997,19.85119],[85.91161,19.82378],[85.91959,19.82083],[85.60539,19.71333],[85.67497,19.74453],[85.65583,19.74292],[85.63333,19.72708],[85.54,19.69622],[85.52786,19.67931],[85.59209,19.70328],[85.34328,19.58122],[85.14831,19.44703],[85.09961,19.40581],[85.08331,19.37786],[85.06328,19.37036],[85.03794,19.39167],[85.03622,19.37914],[85.05,19.36789],[85.08208,19.3742],[85.00497,19.32953],[84.91747,19.25961],[84.90914,19.27872],[84.90706,19.26333],[84.91539,19.25831],[84.83706,19.18497],[84.79498,19.11622],[84.7975,19.13122],[84.77747,19.10792],[84.7458,19.11706],[84.73705,19.09497],[84.72625,19.09083],[84.74084,19.08792],[84.74583,19.07456],[84.76167,19.09958],[84.79289,19.11411],[84.69039,18.96667],[84.58955,18.86331],[84.55791,18.79],[84.47122,18.71167],[84.44209,18.65747],[84.37206,18.59417],[84.36205,18.56747],[84.35328,18.56375],[84.34539,18.57247],[84.35664,18.58375],[84.33456,18.57667],[84.3492,18.56042],[84.3383,18.56789],[84.3375,18.55372],[84.30625,18.53331],[84.33916,18.54369],[84.36083,18.56539],[84.35956,18.55414],[84.24414,18.46042],[84.13834,18.35122],[84.09956,18.35],[84.13203,18.34333],[84.12917,18.30956],[84.04166,18.25956],[83.98917,18.24206],[83.99455,18.2375],[83.95167,18.21372],[83.92455,18.22917],[83.94003,18.20955],[83.88744,18.19372],[83.85917,18.17042],[83.81411,18.15456],[83.80661,18.16206],[83.81045,18.15417],[83.6683,18.08789],[83.67834,18.08372],[83.58664,18.01875],[83.57042,18.01914],[83.57789,18.01417],[83.56664,18.01208],[83.55625,18.02581],[83.55542,18.01331],[83.57042,18.00664],[83.54372,17.96417],[83.45661,17.90042],[83.45453,17.92333],[83.45789,17.90997],[83.44542,17.90994],[83.45208,17.90247],[83.44542,17.90083],[83.45625,17.89083],[83.41541,17.85167],[83.41122,17.80831],[83.35039,17.74917],[83.34411,17.72203],[83.29498,17.68872],[83.28289,17.68914],[83.29911,17.68542],[83.29792,17.67583],[83.23792,17.62836],[83.23875,17.61417],[83.21494,17.59039],[83.02661,17.50958],[82.9958,17.47372],[82.8825,17.42458],[82.89164,17.44711],[82.87164,17.42542],[82.85494,17.42542],[82.86914,17.41542],[82.75164,17.36542],[82.60167,17.28375],[82.46414,17.18875],[82.3062,17.03833],[82.29119,17.01747],[82.27456,16.94414],[82.25042,16.93581],[82.25078,16.87536],[82.26164,16.88539],[82.26869,16.87164],[82.28497,16.87206],[82.27664,16.85456],[82.28917,16.86622],[82.30334,16.86372],[82.3158,16.84122],[82.32581,16.85458],[82.35583,16.85122],[82.35956,16.82497],[82.36208,16.94328],[82.33331,16.98875],[82.36289,16.96244],[82.37125,16.90914],[82.36205,16.81583],[82.34192,16.73628],[82.3125,16.73131],[82.29282,16.7078],[82.26891,16.7067],[82.28969,16.69607],[82.33888,16.71348],[82.34519,16.70373],[82.33352,16.68762],[82.35532,16.71052],[82.33995,16.71673],[82.35938,16.70942],[82.3661,16.71865],[82.34483,16.72759],[82.36248,16.73209],[82.37001,16.72404],[82.32872,16.66554],[82.30885,16.59747],[82.28428,16.64128],[82.25848,16.64961],[82.26599,16.67388],[82.25823,16.68866],[82.25538,16.64801],[82.28232,16.63011],[82.30039,16.58494],[82.29083,16.57122],[82.25872,16.56081],[82.2975,16.56458],[82.28369,16.5575],[82.29244,16.55706],[82.30247,16.56789],[82.30456,16.55994],[82.23417,16.54294],[82.03,16.44125],[82.04958,16.45331],[82.03958,16.46331],[82.04459,16.45414],[82.0275,16.43872],[81.96164,16.39705],[81.9635,16.43614],[81.95081,16.39292],[81.87666,16.38039],[81.71911,16.30872],[81.72622,16.34997],[81.71709,16.36464],[81.70997,16.30542],[81.69453,16.31247],[81.68831,16.33039],[81.67744,16.32458],[81.54661,16.34539],[81.54164,16.35292],[81.55583,16.34875],[81.56208,16.36664],[81.55747,16.36205],[81.55328,16.37206],[81.55336,16.35208],[81.39786,16.34245],[81.31917,16.30958],[81.27167,16.27703],[81.26747,16.29289],[81.26791,16.27331],[81.22703,16.22417],[81.20708,16.175],[81.20827,16.19375],[81.19786,16.17414],[81.19997,16.14378],[81.18792,16.14244],[81.20456,16.13831],[81.19125,16.0925],[81.14792,16.01333],[81.15208,15.97167],[81.13667,15.97294],[81.12622,15.99331],[81.13875,15.965],[81.06455,15.90414],[80.99709,15.82247],[81.00955,15.81],[80.99494,15.81708],[81.00623,15.77664],[81.02744,15.76625],[81.02744,15.78956],[81.03455,15.7825],[81.03125,15.76081],[80.98161,15.77464],[80.99586,15.75875],[81.01292,15.75667],[80.99661,15.74122],[80.97581,15.73792],[80.97539,15.75333],[80.95914,15.75875],[80.97125,15.74997],[80.95164,15.73206],[80.97414,15.74956],[80.9687,15.73083],[80.93831,15.71039],[80.89792,15.755],[80.92331,15.71458],[80.83164,15.70128],[80.83544,15.75081],[80.81253,15.74208],[80.78458,15.80836],[80.78128,15.85417],[80.78872,15.81833],[80.81081,15.77956],[80.81625,15.81167],[80.80536,15.84247],[80.77,15.86953],[80.6825,15.88039],[80.6775,15.88956],[80.67667,15.88039],[80.63997,15.87625],[80.63247,15.88456],[80.62917,15.87456],[80.5358,15.84872],[80.52245,15.85708],[80.52834,15.84703],[80.37497,15.77208],[80.27084,15.66706],[80.26419,15.67208],[80.25958,15.65331],[80.25039,15.65167],[80.26289,15.65164],[80.24042,15.60914],[80.22789,15.54244],[80.21833,15.53122],[80.23209,15.54247],[80.21539,15.50831],[80.20419,15.51206],[80.19292,15.50164],[80.19747,15.48958],[80.21458,15.50417],[80.20453,15.46833],[80.12875,15.37583],[80.09959,15.32081],[80.09914,15.31039],[80.10789,15.32828],[80.08292,15.26253],[80.08958,15.2075],[80.08167,15.18208],[80.06455,15.19],[80.08041,15.18083],[80.06292,15.14411],[80.04792,15.07414],[80.05375,15.01081],[80.08875,14.87831],[80.09292,14.81333],[80.07789,14.80914],[80.09084,14.80372],[80.09497,14.81208],[80.10872,14.75661],[80.12959,14.72833],[80.11247,14.74539],[80.11375,14.72414],[80.11914,14.73375],[80.13458,14.71744],[80.13411,14.69206],[80.14039,14.71581],[80.16875,14.62078],[80.18542,14.59667],[80.18161,14.58542],[80.13997,14.56539],[80.18417,14.56792],[80.19581,14.57794],[80.18291,14.5225],[80.16786,14.33914],[80.13747,14.24458],[80.13161,14.25622],[80.12209,14.25583],[80.12581,14.24792],[80.10372,14.2525],[80.10995,14.24128],[80.13708,14.24164],[80.12789,14.18414],[80.14208,14.07247],[80.12622,14.06583],[80.14372,14.06917],[80.15456,14.02081],[80.14875,14.0175],[80.16125,14.00917],[80.24372,13.81417],[80.22498,13.81869],[80.24497,13.81206],[80.25711,13.78164],[80.23792,13.72247],[80.23622,13.64414],[80.31042,13.46667],[80.30542,13.45414],[80.31625,13.43497],[80.31,13.42539],[80.32122,13.41581],[80.32208,13.38917],[80.3325,13.37622],[80.32203,13.44333],[80.32792,13.44],[80.34622,13.28331],[80.32792,13.2325],[80.31747,13.22956],[80.31372,13.24664],[80.30917,13.20208],[80.33125,13.22667],[80.29459,13.12167],[80.29578,13.08622],[80.30331,13.09958],[80.30456,13.09081],[80.28667,13.06542],[80.27622,13.06833],[80.28455,13.06336],[80.27953,13.01581],[80.26414,13.01122],[80.27705,13.00667],[80.25706,12.91917],[80.24917,12.80286],[80.23294,12.84497],[80.23872,12.80331],[80.22961,12.78661],[80.24036,12.785],[80.23875,12.7975],[80.24667,12.79208],[80.24747,12.80039],[80.25623,12.78083],[80.18786,12.57244],[80.16456,12.51083],[80.15539,12.51167],[80.16289,12.5075],[80.15625,12.46244],[80.13414,12.43119],[80.11497,12.45369],[80.11289,12.44331],[80.13125,12.42581],[80.01456,12.26417],[79.97164,12.23458],[79.97581,12.22789],[80.012,12.25869],[79.87289,12.03997],[79.83122,11.90331],[79.82417,11.91706],[79.82789,11.90747],[79.81956,11.90578],[79.82961,11.89997],[79.82625,11.88164],[79.81208,11.88078],[79.81578,11.87128],[79.82458,11.87664],[79.78286,11.70997],[79.77836,11.70375],[79.77453,11.71078],[79.75875,11.67161],[79.77959,11.70081],[79.75625,11.57831],[79.76289,11.52667],[79.77541,11.50747],[79.76539,11.485],[79.78169,11.49958],[79.83208,11.36078],[79.8125,11.37042],[79.81416,11.36208],[79.775,11.38622],[79.76125,11.37917],[79.83875,11.3525],[79.83706,11.29833],[79.85706,11.19581],[79.85206,10.8375],[79.82703,10.81747],[79.85042,10.82497],[79.86625,10.39247],[79.87872,10.32667],[79.86875,10.34167],[79.87202,10.29747],[79.87753,10.32292],[79.88123,10.31083],[79.86081,10.28044],[79.79333,10.27289],[79.8112,10.28664],[79.79831,10.30456],[79.72911,10.32542],[79.68997,10.32458],[79.6725,10.33122],[79.6625,10.34789],[79.66875,10.32661],[79.65833,10.32289],[79.64122,10.33581],[79.63914,10.36542],[79.62542,10.34331],[79.63372,10.34081],[79.62959,10.33581],[79.61414,10.33619],[79.5808,10.31206],[79.55833,10.31539],[79.56039,10.32667],[79.5925,10.32869],[79.605,10.34628],[79.54542,10.34997],[79.53958,10.33747],[79.55202,10.32583],[79.54333,10.32372],[79.52084,10.32958],[79.51747,10.34042],[79.49583,10.33125],[79.49834,10.34125],[79.46164,10.34958],[79.4592,10.34125],[79.49206,10.32831],[79.46122,10.32833],[79.46833,10.32206],[79.52414,10.31456],[79.51083,10.30869],[79.3933,10.32036],[79.38208,10.31497],[79.3783,10.29622],[79.33916,10.28708],[79.29414,10.26039],[79.27122,10.23328],[79.27872,10.21081],[79.24286,10.1825],[79.24208,10.15744],[79.23125,10.14667],[79.23959,10.12914],[79.22955,10.09747],[79.26791,10.03997],[79.245,10.02625],[79.15625,9.93081],[79.15459,9.91747],[79.12875,9.89333],[79.12209,9.865],[79.11205,9.86333],[79.12456,9.85583],[78.99539,9.71167],[78.96458,9.62917],[78.94542,9.615],[78.93125,9.58667],[78.91956,9.49253],[78.90039,9.48667],[78.92203,9.43503],[78.99956,9.34747],[78.99494,9.33125],[78.9592,9.34042],[78.99583,9.32956],[79.00417,9.34122],[79.06081,9.29872],[79.18914,9.28039],[79.09084,9.25875],[78.96584,9.27122],[78.93083,9.26619],[78.91084,9.24789],[78.86086,9.25128],[78.73333,9.20792],[78.71958,9.19669],[78.72002,9.18539],[78.66664,9.18878],[78.64622,9.1725],[78.65958,9.15244],[78.60831,9.14375],[78.58336,9.12711],[78.5325,9.13289],[78.48625,9.12414],[78.49167,9.14122],[78.48244,9.12372],[78.4158,9.10872],[78.37244,9.07708],[78.36831,9.09206],[78.36247,9.06703],[78.27253,9.00119],[78.26875,9.01333],[78.28042,9.01244],[78.26583,9.01792],[78.26706,9],[78.20625,8.95331],[78.17203,8.88414],[78.16956,8.82411],[78.15958,8.80081],[78.16372,8.75667],[78.12539,8.76167],[78.16003,8.74958],[78.16914,8.77042],[78.19083,8.76375],[78.19373,8.78581],[78.20123,8.785],[78.19878,8.75831],[78.16959,8.74328],[78.15622,8.70997],[78.13705,8.69083],[78.12666,8.63953],[78.10956,8.63917],[78.12836,8.63794],[78.13628,8.5975],[78.11494,8.58042],[78.13416,8.59375],[78.13956,8.58833],[78.12373,8.52747],[78.13123,8.495],[78.06953,8.42169],[78.06042,8.38494],[78.04372,8.38333],[78.07,8.37372],[78.0075,8.35122],[77.8967,8.27372],[77.80666,8.24039],[77.78709,8.22333],[77.77869,8.19497],[77.74667,8.17542],[77.58414,8.13706],[77.56375,8.11831],[77.55961,8.0925],[77.56709,8.08833],[77.55,8.07369],[77.33667,8.12622],[77.31667,8.12289],[77.28833,8.15456],[77.24333,8.17289],[77.18291,8.21667],[77.16414,8.24961],[77.1658,8.23875],[77.01247,8.35039],[76.99667,8.37378],[76.97208,8.38836],[76.95539,8.44],[76.95502,8.42375],[76.69955,8.73669],[76.64039,8.82497],[76.60167,8.86544],[76.56834,8.87539],[76.5462,8.9],[76.54414,8.93206],[76.56328,8.92542],[76.56911,8.91289],[76.60294,8.93417],[76.59245,8.94128],[76.57291,8.92664],[76.59711,8.94664],[76.59998,8.97119],[76.60664,8.95125],[76.61708,8.95914],[76.60958,8.9625],[76.61417,8.96792],[76.62703,8.96414],[76.62209,8.95497],[76.62914,8.94708],[76.64539,8.95167],[76.63125,8.95333],[76.63328,8.96869],[76.65164,8.95708],[76.66,8.96369],[76.6625,8.95369],[76.67206,8.96417],[76.66289,8.96494],[76.6683,8.97372],[76.6525,8.96706],[76.6525,8.97539],[76.64664,8.96956],[76.63206,8.97917],[76.65414,8.98458],[76.66122,8.97833],[76.65791,8.98914],[76.66625,8.99417],[76.64706,8.98747],[76.64497,8.99875],[76.63331,8.98622],[76.6275,8.99125],[76.61997,8.97542],[76.61081,8.97542],[76.6075,8.99042],[76.59747,8.98119],[76.59786,8.99086],[76.5875,8.99369],[76.56667,8.94706],[76.54955,8.95833],[76.56372,8.96247],[76.55791,8.96747],[76.57625,8.97664],[76.57247,8.98206],[76.54333,8.95703],[76.53664,8.96119],[76.54544,8.93831],[76.53872,8.93414],[76.51289,9.02414],[76.46036,9.13581],[76.47036,9.11911],[76.47997,9.12539],[76.48664,9.11458],[76.48039,9.15503],[76.4958,9.16789],[76.47789,9.1675],[76.47247,9.14208],[76.44375,9.19747],[76.44205,9.23333],[76.42831,9.24956],[76.42294,9.23914],[76.45792,9.14167],[76.38455,9.3075],[76.39584,9.32372],[76.38917,9.33792],[76.38203,9.31583],[76.35709,9.36497],[76.31958,9.47503],[76.29706,9.60744],[76.28875,9.74994],[76.23622,9.95994],[76.245,9.97122],[76.25661,9.96453],[76.27167,9.93036],[76.27717,9.93322],[76.25786,9.97083],[76.27417,9.96625],[76.288,9.94661],[76.27039,9.99083],[76.27622,10.00497],[76.26711,10.02586],[76.25955,10.0225],[76.27042,10.0325],[76.24403,10.03592],[76.23039,10.01831],[76.24084,9.97292],[76.21956,9.99911],[76.17958,10.10833],[76.18003,10.11786],[76.19286,10.09997],[76.18708,10.13164],[76.17208,10.13994],[76.18289,10.14417],[76.16789,10.18],[76.17831,10.17456],[76.17834,10.18375],[76.20831,10.19539],[76.19581,10.20039],[76.15958,10.18667],[76.16164,10.17789],[76.15625,10.18417],[76.11122,10.34997],[76.04498,10.49956],[76.05917,10.47539],[76.05956,10.48831],[76.03375,10.5275],[76.05664,10.53375],[76.06333,10.52458],[76.0537,10.54167],[76.0625,10.53625],[76.06536,10.54331],[76.04498,10.55206],[76.04706,10.53417],[76.02836,10.52786],[75.94289,10.7225],[75.94542,10.75247],[75.93828,10.73372],[75.91956,10.77833],[75.955,10.80372],[75.95789,10.81664],[75.94419,10.80122],[75.91664,10.79372],[75.92039,10.8075],[75.91,10.82706],[75.91209,10.78494],[75.88208,10.93664],[75.82623,11.11997],[75.84834,11.14122],[75.86625,11.12497],[75.86461,11.11581],[75.86955,11.12411],[75.84666,11.14375],[75.82584,11.12372],[75.80539,11.15494],[75.82872,11.15661],[75.81372,11.16244],[75.82711,11.17914],[75.81664,11.17956],[75.80372,11.16247],[75.78042,11.2225],[75.78748,11.23372],[75.80167,11.23375],[75.78667,11.23706],[75.77792,11.22836],[75.73542,11.33081],[75.73705,11.35164],[75.74541,11.34494],[75.75792,11.35997],[75.73542,11.35664],[75.73372,11.34664],[75.68872,11.43994],[75.65997,11.46375],[75.6358,11.46128],[75.62041,11.47583],[75.59622,11.54994],[75.60208,11.54494],[75.59959,11.57],[75.58664,11.59039],[75.58958,11.57081],[75.53206,11.70161],[75.54292,11.71078],[75.5275,11.70622],[75.49709,11.73333],[75.47542,11.76328],[75.48997,11.76458],[75.47542,11.76828],[75.48666,11.78044],[75.46831,11.76536],[75.45625,11.77244],[75.46453,11.78081],[75.46294,11.80414],[75.45502,11.77789],[75.38333,11.85789],[75.36667,11.85125],[75.35542,11.86167],[75.33703,11.89417],[75.31792,11.90581],[75.32125,11.91578],[75.30042,11.94331],[75.30414,11.94958],[75.34456,11.93333],[75.31792,11.9525],[75.31455,11.97],[75.3037,11.97003],[75.31416,11.95042],[75.28081,11.99542],[75.30456,11.95417],[75.2925,11.95206],[75.23206,12.02167],[75.20125,12.00411],[75.12041,12.195],[75.13022,12.19786],[75.13123,12.2125],[75.11711,12.21464],[75.11792,12.20244],[75.04877,12.36997],[75.00455,12.43747],[75.01414,12.44706],[75.00333,12.44125],[74.98539,12.4775],[75.00333,12.46869],[75.00205,12.49161],[75,12.47456],[74.98248,12.49708],[74.98539,12.48164],[74.97961,12.48747],[74.93369,12.59331],[74.93036,12.60497],[74.94209,12.58583],[74.93623,12.61414],[74.92914,12.60708],[74.88869,12.69997],[74.90041,12.69247],[74.89542,12.70417],[74.88372,12.70664],[74.82539,12.83833],[74.84331,12.82289],[74.84003,12.83203],[74.86955,12.83331],[74.86664,12.84122],[74.8458,12.83875],[74.83211,12.84747],[74.82289,12.9],[74.81392,12.90753],[74.83041,12.84581],[74.82211,12.84919],[74.80705,12.91497],[74.82042,12.92744],[74.80453,12.92917],[74.77536,13.065],[74.77583,13.07458],[74.78083,13.05875],[74.7812,13.08997],[74.77744,13.09542],[74.775,13.07706],[74.71455,13.31747],[74.69542,13.34328],[74.71372,13.33497],[74.69622,13.34833],[74.69125,13.44417],[74.695,13.45122],[74.69622,13.415],[74.70747,13.40956],[74.70289,13.43333],[74.71414,13.43375],[74.71958,13.45247],[74.70664,13.43706],[74.69955,13.46747],[74.69705,13.45417],[74.68877,13.46247],[74.66625,13.63086],[74.68,13.60539],[74.67914,13.63375],[74.7025,13.63711],[74.70084,13.62625],[74.70667,13.63711],[74.72205,13.63833],[74.6983,13.65375],[74.67953,13.65],[74.68623,13.65586],[74.67958,13.65664],[74.67792,13.68169],[74.66959,13.63667],[74.65039,13.66414],[74.62622,13.79667],[74.58958,13.91914],[74.57625,13.92331],[74.5675,13.94539],[74.54745,13.94456],[74.51292,13.98664],[74.50289,14.02331],[74.5292,14.02206],[74.50958,14.03078],[74.5075,14.04211],[74.50205,14.02664],[74.48869,14.08828],[74.48122,14.09083],[74.48708,14.09911],[74.46706,14.19169],[74.44373,14.22],[74.42711,14.2775],[74.45497,14.24539],[74.4725,14.25292],[74.51708,14.24164],[74.49292,14.25494],[74.48625,14.26581],[74.49372,14.26747],[74.4817,14.27703],[74.4425,14.27208],[74.42872,14.28828],[74.42744,14.30872],[74.42206,14.29997],[74.43039,14.28331],[74.42203,14.28581],[74.39372,14.41331],[74.40503,14.41792],[74.40916,14.40875],[74.40955,14.415],[74.38292,14.41667],[74.37206,14.46997],[74.34959,14.50164],[74.37744,14.52589],[74.37122,14.53581],[74.38333,14.53039],[74.38289,14.53911],[74.36289,14.54078],[74.37708,14.54581],[74.36459,14.55078],[74.37161,14.56206],[74.3533,14.53708],[74.3458,14.54292],[74.3533,14.51872],[74.34164,14.51122],[74.31081,14.51792],[74.31292,14.54167],[74.29205,14.59414],[74.3008,14.58706],[74.31997,14.60036],[74.34995,14.59786],[74.34959,14.60414],[74.32745,14.60872],[74.31416,14.59956],[74.32208,14.60917],[74.31328,14.61539],[74.3112,14.6],[74.29,14.59619],[74.26791,14.62417],[74.27911,14.62372],[74.28247,14.64125],[74.29622,14.63831],[74.27875,14.6475],[74.27705,14.65581],[74.29119,14.66],[74.27622,14.65914],[74.28036,14.67333],[74.25455,14.70494],[74.28372,14.7125],[74.26997,14.71206],[74.26917,14.72125],[74.26125,14.70997],[74.23336,14.74461],[74.22247,14.73292],[74.20372,14.73417],[74.20586,14.71375],[74.17997,14.74458],[74.16292,14.74919],[74.16911,14.76039],[74.15414,14.74208],[74.15456,14.75833],[74.13873,14.77583],[74.1175,14.77122],[74.11497,14.78372],[74.10917,14.78039],[74.09209,14.80081],[74.12,14.79872],[74.12581,14.83706],[74.16417,14.83708],[74.16164,14.81708],[74.17125,14.83744],[74.15869,14.8425],[74.16472,14.85856],[74.11539,14.84081],[74.09705,14.89164],[74.04122,14.91747],[74.04295,14.94664],[74.05458,14.95497],[74.03375,14.98083],[74.05128,14.98417],[74.03711,14.98331],[74.01914,15.01461],[73.99203,15.01833],[73.98419,15.05375],[73.97664,15.04872],[73.95497,15.07206],[73.91292,15.08328],[73.92625,15.09581],[73.92039,15.10828],[73.93708,15.11417],[73.93708,15.13161],[73.94666,15.14039],[73.95708,15.13583],[73.95628,15.15747],[73.9492,15.14286],[73.89786,15.32831],[73.8775,15.36708],[73.84331,15.35708],[73.80836,15.37544],[73.80708,15.39167],[73.79244,15.39292],[73.78455,15.40831],[73.79667,15.41292],[73.80828,15.39789],[73.81834,15.40958],[73.82584,15.40292],[73.84414,15.40875],[73.84661,15.39872],[73.87664,15.39622],[73.88583,15.40042],[73.88522,15.42756],[73.86414,15.42792],[73.84827,15.45039],[73.80247,15.45036],[73.78875,15.45914],[73.80625,15.46417],[73.80956,15.48669],[73.82608,15.50383],[73.81914,15.50872],[73.80997,15.49461],[73.78167,15.49789],[73.78792,15.49414],[73.77,15.48956],[73.76128,15.53244],[73.73378,15.58831],[73.7375,15.60792],[73.75078,15.60456],[73.75789,15.61331],[73.74873,15.62083],[73.78958,15.65244],[73.73372,15.61494],[73.69122,15.71331],[73.71625,15.72917],[73.7075,15.73372],[73.69581,15.71872],[73.68081,15.71875],[73.65289,15.74081],[73.67622,15.75167],[73.66458,15.75417],[73.65542,15.78833],[73.66625,15.80831],[73.65581,15.79125],[73.63869,15.81331],[73.62959,15.84917],[73.61127,15.8625],[73.6292,15.87122],[73.61166,15.86542],[73.59039,15.90747],[73.59753,15.92122],[73.58747,15.90958],[73.57328,15.91125],[73.53833,15.93961],[73.535,15.93206],[73.51122,15.93833],[73.50375,15.95331],[73.50911,15.98956],[73.49873,15.98417],[73.50497,15.96372],[73.48705,15.98831],[73.49208,16.01411],[73.48209,16.03833],[73.45705,16.0533],[73.47372,16.07247],[73.45953,16.08581],[73.4762,16.09578],[73.46703,16.10583],[73.47372,16.13164],[73.46664,16.14042],[73.46247,16.09122],[73.43875,16.19417],[73.4475,16.19039],[73.45625,16.2125],[73.45161,16.22542],[73.43044,16.19917],[73.41294,16.27247],[73.41666,16.28122],[73.435,16.28372],[73.41914,16.28958],[73.40869,16.27417],[73.38539,16.33581],[73.39083,16.35953],[73.39997,16.35375],[73.42789,16.37164],[73.40664,16.35956],[73.39417,16.36703],[73.37414,16.35872],[73.36708,16.37917],[73.3708,16.38872],[73.375,16.37622],[73.38831,16.39292],[73.40164,16.38958],[73.41,16.40708],[73.46875,16.41331],[73.4075,16.41539],[73.39664,16.39958],[73.36997,16.39456],[73.35789,16.44083],[73.3675,16.4362],[73.38789,16.44836],[73.35328,16.44292],[73.32708,16.51083],[73.31709,16.51081],[73.31289,16.53997],[73.33669,16.56042],[73.34792,16.52831],[73.36459,16.51417],[73.35208,16.51331],[73.36244,16.47795],[73.36083,16.50708],[73.41833,16.51039],[73.44375,16.49997],[73.42497,16.51206],[73.4,16.51042],[73.36247,16.52372],[73.35748,16.53706],[73.37544,16.5375],[73.35416,16.54122],[73.34911,16.55456],[73.40002,16.54369],[73.40955,16.55664],[73.35914,16.55292],[73.35875,16.56417],[73.33164,16.57622],[73.31875,16.59833],[73.3325,16.60625],[73.35414,16.59292],[73.34292,16.60581],[73.37331,16.62872],[73.38372,16.61331],[73.38042,16.5983],[73.40078,16.58875],[73.38455,16.60086],[73.38997,16.61456],[73.40211,16.6158],[73.39081,16.63539],[73.33286,16.61914],[73.34209,16.63247],[73.32667,16.63453],[73.32455,16.6433],[73.33459,16.64744],[73.33208,16.6825],[73.34292,16.68247],[73.34539,16.69167],[73.3308,16.68542],[73.32161,16.69372],[73.30708,16.72831],[73.31039,16.78583],[73.33167,16.80958],[73.34292,16.7858],[73.33122,16.8225],[73.34625,16.82831],[73.33247,16.82792],[73.31664,16.80539],[73.29703,16.81333],[73.28875,16.87914],[73.2975,16.88872],[73.31709,16.88333],[73.29836,16.89872],[73.27792,16.89081],[73.28206,16.9283],[73.29036,16.93164],[73.28291,16.95247],[73.29372,16.95583],[73.29667,16.98042],[73.30622,16.95833],[73.33164,16.94456],[73.33041,16.9675],[73.31414,16.96122],[73.31333,16.97706],[73.3075,16.97122],[73.2908,16.98875],[73.27203,16.98664],[73.28625,17.01081],[73.27834,17.02372],[73.25914,17.01953],[73.25706,17.04753],[73.27959,17.03417],[73.2875,16.99875],[73.29792,17.01997],[73.29122,17.03336],[73.3175,17.02956],[73.32542,17.04],[73.30419,17.03794],[73.29253,17.04955],[73.28164,17.03792],[73.29122,17.07414],[73.29667,17.06708],[73.31541,17.08417],[73.28539,17.07914],[73.29164,17.11375],[73.285,17.10044],[73.26869,17.10914],[73.27461,17.1225],[73.26539,17.15003],[73.27209,17.14994],[73.2525,17.19042],[73.2337,17.19581],[73.25125,17.195],[73.24792,17.21997],[73.22539,17.24583],[73.2225,17.26875],[73.21083,17.27708],[73.20753,17.26622],[73.20539,17.28417],[73.19122,17.29664],[73.19664,17.30369],[73.22334,17.29958],[73.22786,17.28086],[73.25081,17.28042],[73.26164,17.25792],[73.26039,17.28411],[73.27077,17.28956],[73.2775,17.27956],[73.28914,17.28706],[73.2975,17.28203],[73.29955,17.29164],[73.23952,17.29083],[73.24372,17.31497],[73.22128,17.3275],[73.23125,17.33333],[73.21703,17.34497],[73.22791,17.35167],[73.21872,17.35497],[73.21291,17.38078],[73.18164,17.38372],[73.17206,17.39917],[73.19039,17.41328],[73.19164,17.42958],[73.21372,17.43328],[73.18872,17.44081],[73.19536,17.46417],[73.18461,17.50083],[73.19119,17.51083],[73.18333,17.50375],[73.13956,17.5575],[73.14828,17.56953],[73.19083,17.57292],[73.21658,17.58881],[73.2,17.59542],[73.17078,17.57956],[73.13795,17.61],[73.13036,17.63581],[73.14375,17.63747],[73.1162,17.68],[73.11833,17.69456],[73.13873,17.70247],[73.13705,17.71331],[73.11122,17.785],[73.12041,17.78081],[73.09294,17.80836],[73.08872,17.83414],[73.12955,17.83419],[73.09834,17.84708],[73.09081,17.83956],[73.07205,17.88497],[73.08536,17.89417],[73.07831,17.90042],[73.06586,17.88708],[73.05372,17.90164],[73.05456,17.92414],[73.09209,17.94],[73.055,17.92708],[73.0408,17.93125],[73.03125,17.94917],[73.04244,17.97789],[73.08581,17.98125],[73.09094,17.99036],[73.04205,17.99167],[73.045,17.98539],[73.03414,17.99289],[73.04164,17.98122],[73.01958,17.9908],[73.01791,18.00667],[73.00372,18.01995],[73.03,18.02458],[73.03872,18.03333],[73.02661,18.02706],[73.02375,18.03667],[73.04039,18.05164],[73.02539,18.04494],[73.01833,18.02708],[73.00831,18.05039],[72.99208,18.05247],[72.9987,18.08083],[72.97289,18.12994],[72.99292,18.15747],[72.98119,18.185],[72.98959,18.19167],[72.95664,18.21622],[72.93291,18.21747],[72.94373,18.24333],[72.93628,18.27997],[72.96667,18.27875],[72.97667,18.24456],[73.02084,18.24294],[73.07286,18.21747],[73.05959,18.18247],[73.07625,18.1675],[73.07578,18.15372],[73.10208,18.14244],[73.09036,18.17083],[73.06289,18.19081],[73.08122,18.21583],[73.08041,18.235],[73.06206,18.25494],[73.06873,18.27083],[73.04456,18.29583],[73.04747,18.30292],[73.08247,18.29955],[73.08622,18.31917],[73.06747,18.30289],[73.04583,18.30458],[73.04122,18.29328],[73.05542,18.26917],[73.02998,18.26289],[73.01503,18.28458],[72.99416,18.27289],[72.95792,18.31336],[72.97083,18.31792],[72.93786,18.34664],[72.92122,18.3475],[72.91453,18.36917],[72.92667,18.37039],[72.92875,18.38164],[72.90703,18.40831],[72.90791,18.43414],[72.89539,18.45667],[72.91209,18.51247],[72.90706,18.53994],[72.91333,18.52872],[72.96497,18.53542],[72.97459,18.49917],[73.00625,18.46667],[72.96833,18.53958],[72.92455,18.54164],[72.88539,18.6258],[72.88664,18.63542],[72.89958,18.63417],[72.87119,18.63914],[72.85709,18.69417],[72.86792,18.80081],[72.9025,18.80292],[72.91331,18.79208],[72.93916,18.82539],[72.96414,18.79625],[72.99706,18.77831],[72.98039,18.75247],[73,18.72292],[73.01625,18.715],[72.98959,18.74914],[73.00208,18.77917],[72.97875,18.79997],[73.01289,18.8025],[73.00289,18.80583],[73.01,18.81292],[72.995,18.80456],[72.98456,18.81081],[72.98917,18.86542],[72.94664,18.84372],[72.92747,18.84958],[72.90708,18.88497],[72.90875,18.89744],[72.92919,18.91122],[72.93539,18.89247],[72.9475,18.89122],[72.94209,18.90744],[72.9575,18.90125],[72.96539,18.91667],[72.94872,18.935],[72.95039,18.94581],[72.96997,18.95125],[72.98666,18.94289],[72.95705,18.96917],[72.97414,18.96208],[72.995,18.96792],[73.0225,18.98956],[73.03247,18.98622],[73.03497,19.00122],[73.05417,18.99706],[73.04622,19.00831],[73.05417,19.01544],[73.06709,19.00336],[73.06039,19.01744],[73.06705,19.02081],[73.04911,19.01872],[73.02998,19.00125],[73.02331,19.01286],[73.01744,18.99792],[73.00833,18.99789],[73.00919,19.00875],[73.00122,19.00414],[72.99706,19.06161],[72.98456,19.06831],[72.99875,19.09164],[72.98836,19.08372],[72.98294,19.0975],[72.99036,19.10164],[72.97872,19.1025],[72.97958,19.12],[72.98789,19.11244],[72.98039,19.12833],[72.98581,19.18953],[72.97372,19.14167],[72.96586,19.13206],[72.95622,19.13997],[72.96122,19.11578],[72.9558,19.10625],[72.94661,19.11125],[72.95541,19.09333],[72.93039,19.0875],[72.95045,19.08997],[72.95789,19.06831],[72.94292,19.05914],[72.95959,19.06414],[72.95792,19.03745],[72.91419,18.99708],[72.89333,18.99789],[72.88503,19.01122],[72.86578,19.00622],[72.86539,18.99417],[72.85789,18.99494],[72.86205,18.98083],[72.85039,18.96997],[72.84622,18.92747],[72.80622,18.89333],[72.80542,18.90917],[72.82536,18.91833],[72.81792,18.92164],[72.82291,18.93667],[72.80917,18.95039],[72.79247,18.93539],[72.79039,18.94747],[72.81536,18.97914],[72.8175,19.02375],[72.82831,19.01875],[72.83872,19.04331],[72.83497,19.05292],[72.81789,19.04331],[72.82205,19.07581],[72.83459,19.09081],[72.8275,19.08372],[72.82042,19.12414],[72.80458,19.14333],[72.83205,19.16161],[72.83125,19.17997],[72.8008,19.15372],[72.79706,19.12914],[72.7887,19.12997],[72.78878,19.14831],[72.77959,19.15411],[72.78247,19.16706],[72.79414,19.17125],[72.79877,19.19914],[72.84122,19.25414],[72.8187,19.24497],[72.79453,19.195],[72.78328,19.19205],[72.77625,19.22583],[72.78625,19.30497],[72.79498,19.31122],[72.80997,19.29208],[72.82919,19.30956],[72.85744,19.31542],[72.89747,19.28875],[72.91211,19.28833],[72.85416,19.35042],[72.85494,19.33958],[72.83414,19.33869],[72.81331,19.32378],[72.77708,19.34833],[72.75875,19.37164],[72.77081,19.39619],[72.74455,19.45994],[72.77834,19.49208],[72.82169,19.49203],[72.84834,19.52125],[72.88878,19.52414],[72.84583,19.54125],[72.82914,19.50956],[72.78078,19.50375],[72.7875,19.52372],[72.77666,19.50789],[72.76331,19.50622],[72.73039,19.52917],[72.71622,19.59167],[72.74786,19.59911],[72.73042,19.60167],[72.70789,19.675],[72.71542,19.69414],[72.69542,19.72583],[72.70875,19.72836],[72.71494,19.74461],[72.70744,19.73539],[72.69209,19.73914],[72.68794,19.78578],[72.69705,19.80167],[72.68914,19.80375],[72.68831,19.79369],[72.65544,19.83331],[72.6608,19.84789],[72.69211,19.86331],[72.6812,19.86667],[72.67956,19.91744],[72.66578,19.93372],[72.68789,19.94078],[72.68953,19.95664],[72.71083,19.96872],[72.72456,19.96667],[72.73625,19.94331],[72.74628,19.94164],[72.73625,19.95914],[72.745,19.96372],[72.73083,19.96211],[72.71872,19.9725],[72.72372,19.99664],[72.70789,20.07167],[72.72708,20.08245],[72.73792,20.115],[72.74792,20.20167],[72.76334,20.21372],[72.78289,20.21083],[72.76331,20.21625],[72.74706,20.20664],[72.74125,20.24247],[72.75711,20.26331],[72.75081,20.26289],[72.75375,20.29],[72.77372,20.30333],[72.77711,20.33583],[72.78911,20.35044],[72.81331,20.35458],[72.83708,20.37247],[72.82203,20.37],[72.82872,20.405],[72.85253,20.40875],[72.82956,20.41414],[72.83039,20.44247],[72.85878,20.46664],[72.87161,20.49289],[72.89206,20.50333],[72.88625,20.53],[72.90044,20.53],[72.88705,20.5425],[72.89956,20.58253],[72.88961,20.62747],[72.91294,20.63664],[72.88661,20.63708],[72.89044,20.66],[72.87622,20.6608],[72.84502,20.74375],[72.87666,20.73456],[72.93042,20.75914],[72.89417,20.74372],[72.85667,20.75203],[72.84622,20.7925],[72.86708,20.78828],[72.85042,20.80081],[72.85414,20.82375],[72.8375,20.79206],[72.82625,20.79414],[72.82961,20.81581],[72.78289,20.91917],[72.8017,20.91958],[72.81331,20.93119],[72.82414,20.91453],[72.81622,20.94003],[72.82414,20.94958],[72.86417,20.94625],[72.83334,20.95955],[72.84959,20.97164],[72.79583,20.94292],[72.77661,20.94708],[72.75833,20.92878],[72.73372,20.99828],[72.7283,21.05372],[72.73914,21.04125],[72.78247,21.04292],[72.77792,21.05328],[72.79164,21.05622],[72.7962,21.04411],[72.82166,21.03205],[72.84872,21.03247],[72.83581,21.04372],[72.82503,21.03703],[72.79789,21.05],[72.79955,21.06911],[72.81917,21.09042],[72.83,21.08206],[72.82789,21.09167],[72.81167,21.09369],[72.77831,21.06539],[72.76334,21.06536],[72.74667,21.08539],[72.7317,21.07711],[72.70703,21.0875],[72.70961,21.13083],[72.74747,21.14372],[72.7887,21.18],[72.75253,21.17869],[72.74622,21.15081],[72.73331,21.14375],[72.67747,21.15792],[72.66211,21.13586],[72.66211,21.10081],[72.65036,21.08914],[72.66456,21.08831],[72.64,21.08039],[72.62456,21.09833],[72.62202,21.13747],[72.63503,21.12792],[72.65125,21.14664],[72.63333,21.13122],[72.62045,21.16917],[72.62083,21.17875],[72.63292,21.16917],[72.63786,21.20661],[72.65417,21.20872],[72.6625,21.22622],[72.67709,21.20244],[72.69003,21.20372],[72.69495,21.19289],[72.7225,21.20292],[72.74167,21.19789],[72.705,21.20375],[72.70583,21.21289],[72.67747,21.22042],[72.66914,21.23292],[72.63997,21.23536],[72.62961,21.24997],[72.64625,21.26744],[72.62581,21.25375],[72.61792,21.2683],[72.62247,21.28542],[72.63789,21.28586],[72.63873,21.29831],[72.62747,21.29122],[72.6075,21.30372],[72.60167,21.28706],[72.59786,21.29831],[72.60664,21.31619],[72.63625,21.31914],[72.62375,21.325],[72.62664,21.34286],[72.65334,21.33039],[72.65334,21.34622],[72.66998,21.34375],[72.68625,21.355],[72.66077,21.34708],[72.64619,21.38667],[72.66536,21.38997],[72.66042,21.40078],[72.67709,21.4283],[72.69878,21.4425],[72.69911,21.46292],[72.7325,21.46708],[72.73914,21.43456],[72.74081,21.44542],[72.7525,21.43789],[72.76244,21.44789],[72.75333,21.45878],[72.74,21.44953],[72.74875,21.47081],[72.7275,21.47792],[72.64577,21.44622],[72.64125,21.455],[72.66541,21.47247],[72.67958,21.50083],[72.72753,21.53875],[72.775,21.59708],[72.79586,21.59203],[72.8225,21.61039],[72.83625,21.63333],[72.82875,21.65583],[72.83417,21.66628],[72.89417,21.66292],[72.92789,21.67578],[72.86916,21.69042],[72.82328,21.66872],[72.78416,21.66372],[72.7375,21.69039],[72.715,21.68039],[72.60919,21.68458],[72.55497,21.65872],[72.53667,21.66286],[72.52792,21.67333],[72.52708,21.71083],[72.53622,21.73247],[72.55334,21.73708],[72.56203,21.78497],[72.57208,21.79331],[72.56961,21.81247],[72.59122,21.83],[72.58375,21.83744],[72.59703,21.84997],[72.61872,21.90586],[72.63958,21.91164],[72.65164,21.94708],[72.67919,21.95458],[72.68916,21.94125],[72.71414,21.93628],[72.74128,21.95414],[72.74958,21.97328],[72.73705,21.98253],[72.74331,21.98794],[72.73083,21.98794],[72.73458,21.95747],[72.72667,21.95208],[72.71584,21.95286],[72.70331,21.97122],[72.64747,21.96544],[72.53748,21.89622],[72.51041,21.92167],[72.51039,21.95917],[72.52372,21.96745],[72.50789,21.97581],[72.52625,21.97667],[72.51289,21.985],[72.52786,21.99417],[72.51292,21.99831],[72.52536,22.00333],[72.51581,22.01286],[72.52789,22.01083],[72.51458,22.02914],[72.54789,22.14831],[72.58583,22.20456],[72.64584,22.21622],[72.70167,22.18375],[72.7608,22.17375],[72.78,22.20125],[72.79706,22.19831],[72.78042,22.21081],[72.79414,22.23125],[72.80664,22.22619],[72.80042,22.23581],[72.82166,22.23872],[72.80289,22.24164],[72.81333,22.25208],[72.82956,22.25],[72.81875,22.25664],[72.83414,22.25708],[72.87581,22.23039],[72.8725,22.23705],[72.89581,22.24372],[72.91206,22.26497],[72.89078,22.26706],[72.86914,22.28461],[72.83997,22.28203],[72.74831,22.23125],[72.71081,22.24208],[72.64503,22.28372],[72.6058,22.28539],[72.5658,22.30458],[72.53503,22.28956],[72.535,22.30539],[72.52625,22.30417],[72.53372,22.2858],[72.47083,22.25206],[72.43081,22.20453],[72.42203,22.21333],[72.43,22.23875],[72.42203,22.23328],[72.42539,22.22078],[72.40872,22.20997],[72.41211,22.2575],[72.38,22.33706],[72.37253,22.33872],[72.34959,22.31083],[72.35583,22.28542],[72.34827,22.29372],[72.34586,22.28289],[72.33086,22.28786],[72.32623,22.30831],[72.32789,22.28833],[72.33791,22.28247],[72.33497,22.26455],[72.32911,22.27208],[72.32125,22.26747],[72.33461,22.26161],[72.33122,22.24833],[72.31497,22.23206],[72.30583,22.24706],[72.3025,22.23789],[72.28289,22.24494],[72.30125,22.23247],[72.29208,22.21581],[72.30786,22.14664],[72.29872,22.10333],[72.28122,22.0925],[72.28039,22.075],[72.23497,22.01211],[72.22247,22.01958],[72.2133,22.00708],[72.20247,22.02125],[72.1875,22.01375],[72.18203,22.0225],[72.18584,22.01128],[72.20164,22.01625],[72.21003,22.00292],[72.22747,22.00956],[72.23792,22],[72.24706,21.92417],[72.21167,21.95372],[72.19,21.94292],[72.16331,21.95955],[72.1875,21.94122],[72.21081,21.95039],[72.22667,21.94372],[72.24953,21.9108],[72.25792,21.88664],[72.24956,21.80997],[72.23833,21.80625],[72.21458,21.82497],[72.215,21.85708],[72.21453,21.83414],[72.20294,21.83997],[72.20872,21.82667],[72.19747,21.83708],[72.19247,21.82953],[72.18831,21.84042],[72.16619,21.81],[72.19417,21.82125],[72.20078,21.80211],[72.21539,21.7958],[72.22039,21.77583],[72.2375,21.76628],[72.22875,21.76164],[72.23956,21.76167],[72.22456,21.74667],[72.24294,21.71333],[72.23792,21.70919],[72.25161,21.69536],[72.28122,21.69],[72.28375,21.66333],[72.30292,21.64497],[72.30625,21.62667],[72.26791,21.5725],[72.26622,21.54164],[72.23627,21.45411],[72.12875,21.33417],[72.11039,21.30083],[72.08916,21.31544],[72.11289,21.2975],[72.10414,21.27872],[72.09417,21.28542],[72.10458,21.27247],[72.08375,21.24661],[72.11127,21.19911],[72.0183,21.15292],[72.00916,21.13458],[71.98664,21.13647],[71.97664,21.1223],[71.94164,21.11322],[71.89833,21.11325],[71.88328,21.08914],[71.82166,21.07086],[71.79417,21.05089],[71.79958,21.06881],[71.78167,21.06092],[71.77831,21.06756],[71.78247,21.04514],[71.8025,21.04589],[71.8083,21.03672],[71.77661,21.03925],[71.77372,21.06214],[71.76495,21.06594],[71.76456,21.05386],[71.75372,21.053],[71.75539,21.04139],[71.74294,21.03469],[71.77497,21.03922],[71.78375,21.03222],[71.76583,21.02097],[71.72164,21.021],[71.67958,21.00231],[71.67995,20.99456],[71.66164,20.99789],[71.62917,20.98378],[71.63167,20.96958],[71.56667,20.94872],[71.53494,20.94375],[71.55747,20.95458],[71.58247,20.98792],[71.53995,20.9537],[71.51417,20.95542],[71.49203,20.93497],[71.49873,20.91917],[71.48378,20.91497],[71.50039,20.91661],[71.48209,20.90497],[71.47955,20.88831],[71.4425,20.86792],[71.40166,20.86294],[71.39164,20.87375],[71.36452,20.87244],[71.38541,20.85497],[71.32414,20.84455],[71.23078,20.80125],[71.20836,20.80625],[71.20417,20.78703],[71.12375,20.76247],[71.14747,20.75794],[71.09081,20.75622],[71.08667,20.76958],[71.08625,20.75667],[71.07625,20.75828],[71.08286,20.755],[71.07458,20.75167],[71.07833,20.74369],[71.06625,20.75245],[71.08289,20.73917],[71.0725,20.73292],[71.04667,20.72869],[71.01253,20.73789],[70.99,20.72039],[70.97247,20.72789],[70.99789,20.71331],[70.98083,20.70042],[70.92414,20.70875],[70.91497,20.69703],[70.89833,20.69706],[70.87378,20.70833],[70.8775,20.72792],[70.87039,20.725],[70.87458,20.70333],[70.84333,20.70539],[70.83539,20.69997],[70.83875,20.68995],[70.82205,20.69083],[70.78917,20.71211],[70.74831,20.71792],[70.70081,20.7387],[70.67039,20.75581],[70.67792,20.75831],[70.67414,20.76539],[70.65327,20.75872],[70.66625,20.77414],[70.65911,20.77953],[70.63661,20.77458],[70.63416,20.76625],[70.61584,20.76958],[70.44997,20.84872],[70.41209,20.87583],[70.42539,20.8825],[70.42208,20.8933],[70.40916,20.87792],[70.3625,20.90206],[70.34705,20.91417],[70.35336,20.92289],[70.34164,20.91542],[70.31414,20.93289],[70.26167,20.96958],[70.24084,20.99792],[70.2283,20.99536],[70.15578,21.05456],[70.13625,21.07414],[70.15128,21.07333],[70.14414,21.08211],[70.13414,21.07705],[70.09167,21.11125],[70.00289,21.20083],[69.77705,21.45494],[69.81084,21.44872],[69.80503,21.45958],[69.78667,21.45456],[69.7758,21.46456],[69.77497,21.45789],[69.61164,21.62706],[69.57333,21.64286],[69.44453,21.75833],[69.45539,21.75744],[69.44872,21.7683],[69.43661,21.76203],[69.39122,21.805],[69.37373,21.82828],[69.38247,21.82206],[69.38125,21.8425],[69.39577,21.85456],[69.38411,21.86205],[69.3717,21.82961],[69.355,21.83539],[69.25958,21.91417],[69.20084,21.97706],[69.21044,21.98669],[69.1975,21.98125],[68.97622,22.21497],[68.96706,22.23081],[68.97456,22.23],[68.95705,22.23911],[68.95705,22.25914],[68.93539,22.30669],[68.94205,22.33083],[68.95789,22.3425],[68.95961,22.37331],[68.97664,22.40206],[68.98914,22.40125],[68.98039,22.40831],[69.01247,22.44375],[69.06834,22.47872],[69.08289,22.47167],[69.07455,22.45497],[69.04208,22.43417],[69.04622,22.41833],[69.03542,22.38997],[69.0425,22.38539],[69.05083,22.39708],[69.0625,22.38458],[69.07914,22.38539],[69.10081,22.40792],[69.12911,22.39625],[69.16077,22.41119],[69.16411,22.40372],[69.175,22.42208],[69.19209,22.41833],[69.18539,22.39997],[69.19872,22.39997],[69.19955,22.38911],[69.16753,22.37206],[69.18122,22.36831],[69.16786,22.35164],[69.17497,22.35369],[69.17539,22.34417],[69.16209,22.34667],[69.16792,22.32914],[69.15708,22.31],[69.17747,22.28378],[69.22747,22.25622],[69.28333,22.27042],[69.29083,22.28539],[69.32,22.29203],[69.3362,22.31083],[69.3308,22.32792],[69.41414,22.31539],[69.4525,22.33372],[69.45667,22.32625],[69.48,22.33208],[69.49664,22.36708],[69.52414,22.36872],[69.52541,22.39081],[69.51539,22.40167],[69.52122,22.41164],[69.50706,22.41914],[69.51,22.42539],[69.52917,22.42125],[69.55122,22.39914],[69.54453,22.39417],[69.55705,22.37497],[69.54539,22.37503],[69.56125,22.36331],[69.5525,22.34872],[69.57497,22.36958],[69.59036,22.365],[69.59125,22.35414],[69.57122,22.34086],[69.56914,22.33208],[69.57875,22.3425],[69.57408,22.32208],[69.58122,22.34414],[69.59414,22.35208],[69.59625,22.33917],[69.60539,22.34331],[69.60416,22.33042],[69.60953,22.34661],[69.61292,22.32831],[69.61042,22.34914],[69.62164,22.36539],[69.6508,22.34789],[69.66789,22.32333],[69.65955,22.34744],[69.64622,22.35664],[69.65456,22.35917],[69.66417,22.39458],[69.69872,22.39836],[69.69789,22.41997],[69.70869,22.4325],[69.70292,22.44994],[69.72836,22.47456],[69.74045,22.44997],[69.72955,22.4425],[69.74375,22.43417],[69.73997,22.42875],[69.75081,22.42789],[69.76083,22.44125],[69.78748,22.40453],[69.80833,22.39789],[69.83164,22.44958],[69.86669,22.44622],[69.89833,22.46539],[69.915,22.44539],[69.91744,22.45375],[69.92081,22.43792],[69.90789,22.48914],[69.92997,22.50956],[69.96081,22.50289],[69.95539,22.50664],[69.96536,22.5175],[69.95245,22.50872],[69.94622,22.52667],[69.98248,22.53625],[69.98581,22.54456],[70.00247,22.54711],[70.00414,22.53625],[70.00747,22.54706],[70.02753,22.55211],[70.01791,22.53747],[70.0258,22.53622],[70.03294,22.55747],[70.04247,22.56044],[70.06536,22.54997],[70.06578,22.54125],[70.07166,22.55125],[70.08752,22.54042],[70.08789,22.54911],[70.11828,22.55042],[70.12039,22.53669],[70.10748,22.51956],[70.11997,22.52125],[70.13164,22.55208],[70.14083,22.55036],[70.14417,22.53622],[70.14581,22.55544],[70.17416,22.54203],[70.17789,22.56661],[70.19167,22.58039],[70.20502,22.56792],[70.21577,22.57042],[70.20622,22.57914],[70.21167,22.58628],[70.19997,22.58372],[70.19789,22.60083],[70.21497,22.59789],[70.20792,22.60917],[70.25875,22.65661],[70.25539,22.68247],[70.26334,22.68625],[70.26917,22.67289],[70.28414,22.67622],[70.26869,22.68414],[70.26955,22.6975],[70.28375,22.69417],[70.26495,22.69958],[70.27209,22.70917],[70.25955,22.71833],[70.29503,22.72958],[70.31795,22.75917],[70.31958,22.795],[70.35122,22.885],[70.37666,22.90956],[70.41708,22.9225],[70.41119,22.9275],[70.42789,22.95583],[70.4475,22.95703],[70.44036,22.96331],[70.4475,22.97039],[70.43083,22.96458],[70.43414,22.97872],[70.39584,22.98039],[70.40289,22.96328],[70.39042,22.93581],[70.35167,22.92289],[70.28748,22.94461],[70.23539,22.97914],[70.23125,23.0375],[70.21914,23.05542],[70.22122,23.02661],[70.21372,23.02414],[70.23289,22.96414],[70.20619,22.97747],[70.22791,22.95997],[70.22414,22.95289],[70.19581,22.94205],[70.14753,22.94625],[70.11961,22.96244],[70.13167,22.99586],[70.10703,22.96414],[70.13045,22.94831],[70.11414,22.94625],[70.13747,22.94289],[70.13956,22.93333],[70.10003,22.90786],[70.07083,22.91042],[70.0675,22.91956],[70.01086,22.90536],[70.00414,22.91958],[70.00664,22.90453],[69.965,22.89708],[69.945,22.90789],[69.95625,22.89664],[69.92995,22.89622],[69.89833,22.87128],[69.89036,22.87664],[69.89539,22.91414],[69.89081,22.90372],[69.88497,22.91286],[69.89122,22.89081],[69.87497,22.86711],[69.83916,22.85622],[69.83247,22.86372],[69.82914,22.85289],[69.79914,22.84542],[69.78414,22.86372],[69.77789,22.85497],[69.79039,22.84161],[69.78247,22.83453],[69.75003,22.81622],[69.74416,22.83042],[69.74245,22.81122],[69.72875,22.81914],[69.74292,22.80417],[69.74375,22.78747],[69.73411,22.77958],[69.71375,22.79914],[69.73125,22.77667],[69.72581,22.76461],[69.71372,22.77417],[69.71664,22.75208],[69.705,22.76039],[69.71667,22.74369],[69.68291,22.76331],[69.71083,22.73789],[69.6658,22.75286],[69.66411,22.77208],[69.66125,22.75833],[69.65211,22.75833],[69.66084,22.74792],[69.61747,22.75956],[69.60333,22.77789],[69.6133,22.75706],[69.57664,22.75958],[69.56125,22.77417],[69.56911,22.77792],[69.55209,22.7825],[69.56914,22.79622],[69.54747,22.78205],[69.49416,22.78205],[69.4708,22.79125],[69.49786,22.77667],[69.45164,22.77542],[69.38247,22.81456],[69.35203,22.81836],[69.37206,22.85494],[69.35828,22.84042],[69.35291,22.84503],[69.36166,22.8812],[69.34869,22.86747],[69.35789,22.8325],[69.35,22.81789],[69.30331,22.83039],[69.32414,22.84369],[69.2758,22.82206],[69.23042,22.8325],[69.22498,22.87622],[69.22708,22.8375],[69.19581,22.83622],[69.19336,22.85039],[69.16998,22.85789],[69.17497,22.84875],[69.12122,22.8775],[69.14247,22.89622],[69.12414,22.88375],[69.11584,22.89206],[69.10833,22.88708],[69.07956,22.90753],[69.0825,22.92875],[69.06917,22.91706],[69.07584,22.95208],[69.06416,22.91539],[69.00872,22.94747],[69.01419,22.98292],[69.00706,22.94919],[68.99084,22.95372],[68.96872,22.96669],[68.98248,22.99203],[68.96247,22.96789],[68.81445,23.05655],[68.81572,23.06533],[68.80906,23.0595],[68.75655,23.08036],[68.63158,23.16867],[68.62989,23.17786],[68.65825,23.15119],[68.71741,23.12536],[68.72111,23.13411],[68.68325,23.1495],[68.66077,23.17953],[68.64406,23.16956],[68.63783,23.17661],[68.64825,23.18289],[68.61658,23.18786],[68.57948,23.22744],[68.59825,23.24036],[68.61906,23.21453],[68.63033,23.21994],[68.61823,23.21786],[68.60364,23.24083],[68.63075,23.24456],[68.64822,23.25786],[68.65781,23.25161],[68.65033,23.26331],[68.66241,23.27286],[68.63448,23.26658],[68.62783,23.29331],[68.67947,23.30164],[68.65992,23.30206],[68.662,23.31747],[68.65575,23.30122],[68.63575,23.30617],[68.6262,23.34497],[68.62117,23.33997],[68.60825,23.36708],[68.61903,23.32536],[68.57575,23.34703],[68.57623,23.35828],[68.5637,23.36494],[68.56908,23.37289],[68.58908,23.37208],[68.59658,23.35622],[68.59947,23.3658],[68.58158,23.38289],[68.58572,23.37289],[68.56364,23.37997],[68.55864,23.39161],[68.57408,23.40039],[68.55914,23.39539],[68.53783,23.4075],[68.52242,23.45706],[68.52158,23.44622],[68.49789,23.45411],[68.49284,23.47081],[68.50911,23.49375],[68.48492,23.47789],[68.44872,23.48],[68.4503,23.49836],[68.48539,23.51747],[68.48411,23.52708],[68.46992,23.51042],[68.45372,23.51581],[68.44869,23.53247],[68.46914,23.55125],[68.44036,23.52911],[68.44955,23.50494],[68.42539,23.50917],[68.42786,23.55833],[68.4612,23.57417],[68.44456,23.57083],[68.45284,23.59667],[68.46748,23.59708],[68.47036,23.62003],[68.492,23.65417],[68.54784,23.71417],[68.62959,23.76083],[68.66664,23.81214],[68.67536,23.8125],[68.67995,23.79875],[68.68164,23.82128],[68.76489,23.84128],[68.79031,23.86003],[68.79825,23.88292],[68.81081,23.87881],[68.78989,23.88378],[68.78706,23.86839],[68.77242,23.85878],[68.76239,23.88378],[68.76953,23.86583],[68.74911,23.84711],[68.71661,23.85542],[68.71575,23.84711],[68.69075,23.84625],[68.67995,23.85708],[68.65908,23.85875],[68.68289,23.84917],[68.65908,23.83547],[68.63995,23.84461],[68.63289,23.84006],[68.647,23.83417],[68.63992,23.82545],[68.58161,23.81378],[68.53245,23.75208],[68.51534,23.78003],[68.52116,23.77],[68.51408,23.74545],[68.46577,23.76547],[68.46414,23.77378],[68.45953,23.76917],[68.47703,23.74336],[68.43414,23.73628],[68.45289,23.77917],[68.44556,23.81803],[68.42678,23.81936],[68.42236,23.80592],[68.43369,23.7767],[68.39911,23.75128],[68.41789,23.75836],[68.42039,23.71667],[68.39539,23.65417],[68.39956,23.63669],[68.38411,23.62458],[68.37497,23.63878],[68.36955,23.62417],[68.392,23.60581],[68.38578,23.60044],[68.36414,23.61205],[68.37456,23.59747],[68.34998,23.58206],[68.29328,23.57206],[68.26581,23.55628],[68.26039,23.56828],[68.27206,23.59417],[68.27831,23.58872],[68.28958,23.5983],[68.2745,23.60169],[68.27164,23.62461],[68.25414,23.56792],[68.20911,23.57711],[68.17203,23.61667],[68.19083,23.64622],[68.21161,23.64794],[68.19456,23.63667],[68.20164,23.63958],[68.19994,23.63292],[68.21667,23.64625],[68.23495,23.63792],[68.24122,23.64081],[68.22825,23.64372],[68.26167,23.65042],[68.28414,23.67461],[68.30206,23.67667],[68.29286,23.68253],[68.31411,23.71708],[68.32747,23.72208],[68.33244,23.71206],[68.33908,23.74128],[68.34956,23.73003],[68.33622,23.75172],[68.3203,23.75842],[68.32703,23.7333],[68.29831,23.72372],[68.28539,23.72917],[68.29539,23.71997],[68.27081,23.69797],[68.2587,23.71086],[68.26247,23.73631],[68.25539,23.71336],[68.26875,23.6875],[68.24578,23.67122],[68.22706,23.68833],[68.23083,23.70711],[68.21584,23.69458],[68.18958,23.72669],[68.21536,23.75836],[68.20705,23.83419],[68.2308,23.83461],[68.24578,23.85378],[68.2608,23.83544],[68.26659,23.87125],[68.25792,23.88253],[68.26675,23.89509],[68.29069,23.89295],[68.27944,23.91707],[68.33481,23.91624],[68.35087,23.93959],[68.34634,23.96086],[68.35698,23.97415],[68.36508,23.94038],[68.37955,23.97083],[68.75299,23.97142],[68.7647,24.29579],[68.80801,24.31349],[68.8308,24.31152],[68.8473,24.23872],[68.85674,24.21388],[68.86602,24.2122],[68.8799,24.21623],[68.90678,24.27983],[68.94538,24.30253],[68.98485,24.22767],[69.00342,24.22306],[69.09482,24.27444],[69.19416,24.23639],[69.31276,24.28143],[69.38088,24.2693],[69.44448,24.28048],[69.49398,24.26782],[69.59429,24.29238],[69.73152,24.17104],[70.02502,24.17103],[70.06654,24.19897],[70.10992,24.295],[70.25388,24.32541],[70.32687,24.35208],[70.36865,24.35091],[70.41166,24.3754],[70.56134,24.42085],[70.6025,24.40815],[70.58046,24.36315],[70.56211,24.354],[70.58466,24.29041],[70.57134,24.25175],[70.64438,24.2248],[70.714,24.21571],[70.80537,24.22083],[70.85156,24.2449],[70.90668,24.2594],[70.87519,24.28069],[70.87394,24.29485],[70.94692,24.34852],[70.986,24.36528],[71.0034,24.35087],[71.04204,24.35105],[71.08428,24.39452],[71.11965,24.40245],[71.12577,24.42009],[71.10315,24.43572],[71.03738,24.43209],[70.9985,24.44437],[71.00498,24.52321],[70.98746,24.54352],[70.98629,24.59557],[71.00888,24.63541],[71.0746,24.66205],[71.09618,24.68863],[71.06554,24.71739],[71.02668,24.80883],[70.93771,24.93861],[70.88849,25.1481],[70.75167,25.27771],[70.73679,25.33244],[70.66482,25.39689],[70.67856,25.52554],[70.66723,25.53127],[70.67402,25.6758],[70.66015,25.70202],[70.64728,25.71258],[70.60861,25.71485],[70.53017,25.68337],[70.38702,25.67374],[70.26864,25.71364],[70.24696,25.76213],[70.22247,25.7931],[70.17438,25.82836],[70.09981,25.93824],[70.08344,26.08338],[70.1412,26.15597],[70.17515,26.25148],[70.16356,26.29486],[70.18535,26.37424],[70.17428,26.55133],[70.11745,26.5869],[70.05628,26.60052],[69.88616,26.57873],[69.82317,26.58896],[69.79193,26.59824],[69.7225,26.65337],[69.5103,26.74354],[69.48444,26.80487],[69.51338,27.00993],[69.58683,27.18325],[69.64479,27.22514],[69.70277,27.28425],[69.86289,27.40215],[69.93375,27.49774],[70.02593,27.56287],[70.13255,27.80598],[70.227,27.90138],[70.29624,27.93602],[70.37223,28.01182],[70.50571,28.03698],[70.5895,28.01046],[70.67741,27.92183],[70.68435,27.8282],[70.73985,27.74191],[70.75944,27.72122],[70.872,27.70555],[70.96317,27.7293],[71.20557,27.83534],[71.38307,27.87253],[71.66649,27.87781],[71.89835,27.96124],[71.92733,28.1217],[72.00432,28.21854],[72.13226,28.31295],[72.20663,28.39476],[72.29931,28.66971],[72.39025,28.76971],[72.7331,28.94801],[72.94583,29.0278],[73.0044,29.153],[73.08442,29.23619],[73.28225,29.57206],[73.39699,29.94593],[73.5971,30.01894],[73.80663,30.06797],[73.97269,30.19825],[73.95647,30.27604],[73.93095,30.32014],[73.87983,30.35976],[73.96438,30.42419],[73.97382,30.44395],[73.92651,30.43891],[73.93724,30.44496],[73.92804,30.46583],[73.93466,30.49016],[73.94778,30.48387],[73.95019,30.46004],[73.96418,30.45643],[73.96373,30.48479],[73.98203,30.50397],[73.99277,30.5142],[74.01998,30.51415],[74.01193,30.53362],[74.03107,30.52687],[74.03926,30.54255],[74.0574,30.51865],[74.07234,30.52289],[74.09092,30.54939],[74.07349,30.55464],[74.10197,30.57916],[74.09597,30.61143],[74.10505,30.61922],[74.11796,30.60789],[74.12742,30.63476],[74.14882,30.63145],[74.19339,30.66513],[74.23243,30.72443],[74.26092,30.72309],[74.2684,30.73436],[74.28655,30.73558],[74.26115,30.77465],[74.30186,30.77937],[74.30681,30.7892],[74.29474,30.79441],[74.31979,30.82735],[74.32043,30.84656],[74.34824,30.85496],[74.36339,30.84719],[74.36459,30.85732],[74.38218,30.86039],[74.36089,30.87369],[74.36588,30.89298],[74.39732,30.90937],[74.42277,30.90777],[74.42434,30.91604],[74.41033,30.92345],[74.42354,30.92074],[74.42878,30.93113],[74.41378,30.92961],[74.41647,30.94033],[74.43949,30.94207],[74.44201,30.95172],[74.46638,30.95677],[74.45697,30.96422],[74.47987,30.97424],[74.50616,30.96595],[74.54647,30.99246],[74.54226,31.01658],[74.56827,31.05478],[74.59037,31.04998],[74.59692,31.03764],[74.67113,31.05356],[74.6961,31.07396],[74.69073,31.08138],[74.70239,31.0923],[74.68915,31.12795],[74.6665,31.12441],[74.65912,31.13401],[74.63642,31.11814],[74.6309,31.13271],[74.60245,31.13333],[74.59654,31.1273],[74.61058,31.09911],[74.60075,31.08797],[74.58909,31.09245],[74.57129,31.08136],[74.55144,31.08646],[74.5485,31.12204],[74.51041,31.13196],[74.51049,31.18029],[74.51957,31.18409],[74.52609,31.21191],[74.51717,31.2284],[74.5327,31.2494],[74.52113,31.27208],[74.5421,31.30373],[74.52637,31.31243],[74.54878,31.33485],[74.55174,31.3644],[74.58349,31.37901],[74.60125,31.41993],[74.61932,31.41984],[74.62238,31.43014],[74.64254,31.41595],[74.65467,31.42591],[74.63863,31.44417],[74.65224,31.45721],[74.62777,31.47686],[74.63669,31.48474],[74.62228,31.48198],[74.60983,31.49979],[74.57536,31.50091],[74.58729,31.50417],[74.58015,31.507],[74.58422,31.52075],[74.61286,31.52725],[74.61875,31.55155],[74.60671,31.56251],[74.61589,31.56904],[74.59213,31.57408],[74.57544,31.60397],[74.55547,31.60791],[74.54032,31.65994],[74.52884,31.6664],[74.53511,31.67763],[74.48662,31.71505],[74.5039,31.7403],[74.55942,31.75786],[74.5513,31.77867],[74.56717,31.79632],[74.55791,31.80479],[74.5731,31.8161],[74.57208,31.83905],[74.60661,31.86849],[74.60739,31.89008],[74.63625,31.88422],[74.66671,31.92259],[74.71906,31.92377],[74.71994,31.94145],[74.75637,31.94374],[74.75539,31.95582],[74.76849,31.94773],[74.80588,31.96299],[74.81901,31.95871],[74.83124,31.98078],[74.82886,31.99918],[74.85313,32.01339],[74.84831,32.02049],[74.87999,32.03187],[74.86878,32.04186],[74.87943,32.05375],[74.90476,32.05029],[74.93364,32.06565],[74.97396,32.05346],[74.97187,32.04252],[75.00297,32.04358],[75.01241,32.03568],[75.02162,32.04862],[75.04073,32.0426],[75.06871,32.06718],[75.08399,32.06004],[75.0911,32.07182],[75.10488,32.05868],[75.12291,32.08147],[75.15768,32.08183],[75.17427,32.06767],[75.19834,32.08279],[75.20341,32.12022],[75.21567,32.12115],[75.21781,32.10336],[75.2351,32.10372],[75.22944,32.09327],[75.24027,32.09103],[75.27861,32.11689],[75.2854,32.15163],[75.29947,32.15335],[75.32231,32.17933],[75.31027,32.19464],[75.31622,32.20804],[75.33133,32.21956],[75.37232,32.22578],[75.37055,32.25785],[75.38148,32.26879],[75.37165,32.2795],[75.34385,32.27858],[75.35045,32.28996],[75.3208,32.29725],[75.33751,32.32058],[75.322,32.3437],[75.29899,32.34661],[75.28969,32.37011],[75.25825,32.37234],[75.25694,32.3894],[75.24543,32.38475],[75.21322,32.40272],[75.20914,32.39473],[75.19282,32.40101],[75.20161,32.41528],[75.19177,32.42615],[75.13291,32.40883],[75.12751,32.42395],[75.13438,32.42821],[75.10169,32.47747],[75.08522,32.46909],[75.02653,32.49759],[75.0155,32.46439],[74.99203,32.45238],[74.96572,32.45815],[74.95164,32.44647],[74.93925,32.47128],[74.91847,32.46405],[74.87638,32.47729],[74.8845,32.49043],[74.8771,32.49391],[74.86761,32.48513],[74.82003,32.49953],[74.81259,32.48005],[74.72717,32.47584],[74.71172,32.47867],[74.71038,32.49286],[74.69168,32.48659],[74.68142,32.49275],[74.69023,32.53426],[74.66188,32.54584],[74.66114,32.55407],[74.67328,32.5536],[74.6731,32.56798],[74.65162,32.563],[74.64844,32.58553],[74.65906,32.59674],[74.64153,32.59957],[74.63848,32.61461],[74.65416,32.61522],[74.65454,32.63714],[74.66958,32.63827],[74.6951,32.66057],[74.66624,32.6756],[74.65369,32.69699],[74.66387,32.72575],[74.65447,32.7291],[74.70456,32.81728],[74.70525,32.84195],[74.66552,32.82391],[74.65255,32.82785],[74.63289,32.80891],[74.65864,32.78746],[74.63203,32.776],[74.63763,32.75147],[74.6175,32.76136],[74.57957,32.74942],[74.56613,32.76007],[74.54708,32.74558],[74.543,32.75144],[74.5143,32.74422],[74.51117,32.76441],[74.46384,32.77662],[74.44519,32.80408],[74.43952,32.78814],[74.41065,32.77198],[74.37175,32.76958],[74.34935,32.78258],[74.34125,32.80968],[74.08315,32.92798],[74.05295,32.93068],[74.00099,32.95438],[73.92581,33.03408],[73.87776,33.03465],[73.81615,33.01034],[73.77602,33.02108],[73.72967,33.06404],[73.65336,33.08044],[73.63414,33.09344],[73.6251,33.13187],[73.67032,33.15222],[73.67032,33.21101],[73.62736,33.24153],[73.6037,33.31909],[73.60828,33.3349],[73.58883,33.34177],[73.57598,33.3774],[73.60192,33.43485],[73.63018,33.45633],[73.61209,33.50834],[73.63357,33.52642],[73.62849,33.56769],[73.57196,33.63043],[73.57705,33.66661],[73.5957,33.68074],[73.60079,33.69883],[73.59853,33.73953],[73.56687,33.79775],[73.59457,33.89158],[73.5437,33.95432],[73.53466,33.98824],[73.51939,34.00011],[73.52448,34.01254],[73.50141,34.018],[73.51103,34.01871],[73.51487,34.03685],[73.49509,34.1352],[73.49904,34.20756],[73.47361,34.25617],[73.4883,34.27934],[73.48039,34.29122],[73.46965,34.27991],[73.4623,34.28782],[73.4493,34.32117],[73.39843,34.37826],[73.41256,34.38561],[73.42782,34.4167],[73.42895,34.46927],[73.44421,34.50545],[73.43573,34.52693],[73.44817,34.53597],[73.45326,34.56932],[73.49565,34.57723],[73.53748,34.57158],[73.56405,34.58967],[73.61774,34.58232],[73.6364,34.5648],[73.65675,34.56254],[73.66579,34.58006],[73.65901,34.59928],[73.69971,34.64789],[73.66353,34.66259],[73.66466,34.66994],[73.68671,34.69198],[73.68558,34.70555],[73.70366,34.71911],[73.72797,34.76433],[73.77771,34.79486],[73.83085,34.79147],[73.8382,34.81408],[73.86533,34.80899],[73.89811,34.81973],[73.9275,34.81125],[73.93429,34.8316],[73.9682,34.83556],[73.97781,34.86608],[74.0219,34.87399],[74.04508,34.89039],[74.03886,34.91413],[74.07165,34.93787],[74.06091,34.98874],[74.09708,35.00061],[74.11121,35.01757],[74.07673,35.04753],[74.08747,35.08257],[74.12858,35.10523],[74.13195,35.11929],[74.11591,35.12345],[74.11234,35.15315],[74.09689,35.14603],[74.08025,35.15613],[74.03569,35.14959],[74.00302,35.18465],[73.95786,35.16504],[73.92578,35.21019],[73.87112,35.20485],[73.80934,35.24287],[73.74991,35.22089],[73.73027,35.27369],[73.71187,35.27969],[73.69287,35.34923],[73.72733,35.41934],[73.75288,35.43241],[73.75466,35.4431],[73.79447,35.44904],[73.78556,35.4633],[73.78556,35.52449],[73.49987,35.54289],[73.4053,35.52926],[73.3952,35.58689],[73.35598,35.60947],[73.33103,35.66294],[73.29657,35.66235],[73.29063,35.67066],[73.24012,35.65759],[73.23596,35.66769],[73.192,35.6772],[73.12605,35.72117],[73.11179,35.75919],[73.15813,35.76157],[73.20032,35.78712],[73.20032,35.82693],[73.17833,35.8602],[73.14981,35.84356],[73.12907,35.84589],[73.09218,35.87565],[73.02627,35.84229],[72.9989,35.86258],[72.90383,35.84178],[72.89195,35.84951],[72.89076,35.87743],[72.83669,35.87327],[72.81947,35.88809],[72.80947,35.86249],[72.79747,35.86609],[72.78572,35.84808],[72.68337,35.82043],[72.5685,35.8518],[72.552,35.88025],[72.50991,35.90239],[72.56813,36.01231],[72.56576,36.02894],[72.5212,36.07885],[72.52357,36.11153],[72.54259,36.14896],[72.54912,36.23274],[72.59368,36.26958],[72.65251,36.26363],[72.68637,36.27552],[72.72176,36.31346],[72.84834,36.37643],[72.87149,36.45244],[72.92404,36.47397],[72.96741,36.47694],[72.97038,36.50902],[73.04108,36.54764],[73.05475,36.58686],[73.07495,36.60943],[73.0494,36.67301],[73.06188,36.69737],[73.12486,36.71103],[73.15219,36.73005],[73.21398,36.71757],[73.26805,36.72113],[73.3744,36.75797],[73.40887,36.75857],[73.5069,36.73005],[73.56869,36.73599],[73.57879,36.71876],[73.60375,36.70985],[73.65663,36.70688],[73.68752,36.72292],[73.73446,36.71876],[73.77546,36.72827],[73.83428,36.70985],[73.86101,36.7247],[73.86814,36.755],[73.83903,36.80135],[73.79328,36.81204],[73.78496,36.83462],[73.7208,36.84234],[73.69703,36.85482],[73.65057,36.91576],[73.66987,36.92237],[73.80061,36.90013],[73.84241,36.90725],[73.89043,36.8859],[73.91089,36.88857],[73.97492,36.84054],[74.04073,36.83432],[74.0852,36.8521],[74.12967,36.85744],[74.15101,36.91792],[74.24261,36.90547],[74.2773,36.91525],[74.35823,36.97485],[74.40625,36.98908],[74.42404,37.00687],[74.52186,37.00598],[74.53698,36.97662],[74.54765,36.96773],[74.56277,36.97129],[74.57611,37.0042],[74.57344,37.03889],[74.62324,37.05934],[74.63125,37.07535],[74.68905,37.09581],[74.70417,37.09759],[74.72045,37.05181],[74.73475,37.03751],[74.78083,37.03433],[74.79142,37.03751],[74.79354,37.05711],[74.84067,37.06558],[74.84279,37.02374],[74.87033,36.99831],[74.90211,36.94058],[74.93918,36.94799],[74.92329,36.98348],[74.93706,36.99249],[74.99693,37.00064],[75.03344,37.02586],[75.06363,37.01315],[75.13088,37.02056],[75.14571,37.03433],[75.1706,37.02268],[75.16873,36.99931],[75.24103,36.97183],[75.28181,36.98296],[75.4179,36.95912],[75.41896,36.94482],[75.39407,36.9284],[75.39778,36.90933],[75.4232,36.89556],[75.43326,36.87649],[75.42638,36.78432],[75.4601,36.72985],[75.47828,36.72977],[75.50369,36.74883],[75.51501,36.73439],[75.53441,36.734],[75.5397,36.78009],[75.58577,36.77214],[75.63343,36.78009],[75.73563,36.75308],[75.84682,36.68634],[75.94107,36.60636],[75.93578,36.57563],[75.96901,36.52154],[75.99826,36.50148],[76.02785,36.43963],[76.14928,36.42455],[76.23899,36.3199],[76.31858,36.33008],[76.38886,36.30977],[76.42865,36.23955],[76.46926,36.22001],[76.56828,36.1904],[76.66894,36.1904],[76.71876,36.15991],[76.75865,36.11005],[76.77891,36.03982],[76.77891,35.91026],[76.83906,35.85952],[77.00856,35.81973],[77.06861,35.77994],[77.08959,35.7402],[77.20896,35.70966],[77.34859,35.71978],[77.42135,35.64015],[77.46889,35.65188],[77.50868,35.58015],[77.51873,35.48566]]],[[[93.84583,7.24456],[93.86289,7.23664],[93.8625,7.21119],[93.89372,7.20414],[93.88792,7.17497],[93.89458,7.12081],[93.90286,7.11744],[93.89706,7.08828],[93.91625,7.07497],[93.9258,7.02786],[93.93914,7.02789],[93.96289,7.00333],[93.955,6.99372],[93.93997,7.01117],[93.92872,6.99578],[93.94125,6.98503],[93.94167,6.96869],[93.95705,6.95914],[93.92628,6.94161],[93.92453,6.90911],[93.90953,6.905],[93.91461,6.88417],[93.90625,6.84667],[93.92539,6.83664],[93.91458,6.81],[93.895,6.79458],[93.88,6.81708],[93.86833,6.81544],[93.85289,6.75664],[93.84248,6.75292],[93.82203,6.7625],[93.82794,6.81831],[93.81667,6.81456],[93.80292,6.83503],[93.80956,6.85167],[93.79375,6.86083],[93.78958,6.87747],[93.80247,6.88372],[93.78289,6.89328],[93.77414,6.91956],[93.76292,6.90831],[93.75786,6.94831],[93.75161,6.96042],[93.74333,6.95706],[93.72961,6.99497],[93.71247,6.99789],[93.69997,7.02206],[93.66956,7.01744],[93.67625,7.03661],[93.66209,7.10414],[93.67539,7.11583],[93.66248,7.11706],[93.66039,7.12831],[93.68628,7.15578],[93.67956,7.17911],[93.68747,7.18703],[93.73497,7.18869],[93.75708,7.20164],[93.7625,7.21533],[93.81039,7.20578],[93.81206,7.23664],[93.84583,7.24456]]],[[[93.73622,7.42325],[93.73872,7.40078],[93.77125,7.38494],[93.775,7.36542],[93.7662,7.36331],[93.73872,7.30997],[93.70328,7.29453],[93.6862,7.26411],[93.66414,7.24789],[93.64703,7.26497],[93.6508,7.29956],[93.63789,7.30831],[93.65125,7.32161],[93.64786,7.37244],[93.66328,7.36708],[93.70911,7.39119],[93.72334,7.38869],[93.72083,7.44453],[93.73622,7.42325]]],[[[93.3775,8.02125],[93.40372,8.00583],[93.40039,7.96825],[93.41161,7.95706],[93.42661,7.96456],[93.45456,7.93247],[93.46789,7.88994],[93.45917,7.87033],[93.44828,7.87119],[93.42658,7.90033],[93.39584,7.89536],[93.37664,7.87786],[93.33994,7.88869],[93.34372,7.92242],[93.3587,7.93492],[93.35161,7.93206],[93.34995,7.94206],[93.32786,7.91908],[93.31873,7.92411],[93.30952,7.95494],[93.32036,7.97161],[93.3195,7.99411],[93.33497,8.00872],[93.3567,8.00542],[93.3775,8.02125]]],[[[93.5675,8.02619],[93.59292,7.98831],[93.58994,7.92617],[93.51875,7.98328],[93.52247,7.99786],[93.53081,7.99372],[93.54125,8.005],[93.54375,8.02331],[93.56245,7.99617],[93.55705,8.02414],[93.5675,8.02619]]],[[[93.59789,8.1125],[93.5937,8.09583],[93.60206,8.0925],[93.61375,8.04997],[93.60664,8.03792],[93.58461,8.06581],[93.59206,8.07914],[93.57294,8.12253],[93.58833,8.13042],[93.59789,8.1125]]],[[[93.53748,8.23622],[93.55791,8.22081],[93.54955,8.18078],[93.525,8.17536],[93.5087,8.15081],[93.55703,8.08917],[93.56123,8.03747],[93.54333,8.04622],[93.53748,8.03211],[93.52084,8.03125],[93.51958,8],[93.51244,7.99789],[93.49956,8.0125],[93.49625,8.0425],[93.51958,8.03914],[93.52084,8.06625],[93.525,8.04792],[93.54872,8.06581],[93.53453,8.06831],[93.54459,8.07914],[93.52666,8.08369],[93.52458,8.0725],[93.49706,8.05164],[93.49042,8.08581],[93.50125,8.09081],[93.48289,8.09667],[93.47955,8.12081],[93.47128,8.12494],[93.47706,8.14167],[93.46455,8.15],[93.46289,8.16747],[93.46667,8.18211],[93.49875,8.20244],[93.505,8.22789],[93.53748,8.23622]]],[[[93.25455,8.23417],[93.25455,8.21997],[93.24416,8.21792],[93.22706,8.23497],[93.22539,8.25583],[93.24333,8.26375],[93.25455,8.23417]]],[[[73.06081,8.27792],[73.04664,8.26292],[73.01791,8.27081],[73.01828,8.27708],[73.03,8.27042],[73.05417,8.27956],[73.07956,8.32336],[73.06081,8.27792]]],[[[93.13086,8.35456],[93.14875,8.345],[93.13372,8.27333],[93.15914,8.24289],[93.21039,8.21747],[93.20247,8.19622],[93.1658,8.20203],[93.12414,8.22622],[93.09541,8.26494],[93.08794,8.29414],[93.09961,8.33417],[93.10911,8.34869],[93.13086,8.35456]]],[[[93.07914,8.42878],[93.06039,8.44083],[93.0667,8.46122],[93.08041,8.45331],[93.07914,8.42878]]],[[[93.62789,8.52914],[93.64372,8.51831],[93.64542,8.46167],[93.62955,8.45411],[93.62833,8.41708],[93.62289,8.44914],[93.63045,8.50914],[93.61706,8.54081],[93.61911,8.57125],[93.62789,8.52914]]],[[[92.78036,9.24672],[92.81873,9.21422],[92.83036,9.14169],[92.80414,9.11794],[92.78328,9.11708],[92.77328,9.12628],[92.73911,9.12044],[92.72119,9.14169],[92.72039,9.21083],[92.76408,9.21461],[92.7758,9.25464],[92.78036,9.24672]]],[[[72.28164,10.03208],[72.27622,10.04081],[72.285,10.04622],[72.28164,10.03208]]],[[[73.64872,10.07086],[73.64167,10.05539],[73.63586,10.07119],[73.64539,10.07497],[73.65164,10.09625],[73.64872,10.07086]]],[[[73.66245,10.12792],[73.66084,10.12792],[73.66042,10.12831],[73.66122,10.12911],[73.66122,10.13083],[73.66289,10.13411],[73.66292,10.14331],[73.66122,10.14583],[73.66125,10.14831],[73.65869,10.15081],[73.65869,10.15247],[73.65955,10.15328],[73.65955,10.15414],[73.66164,10.15456],[73.66286,10.15331],[73.66289,10.14917],[73.66458,10.14583],[73.66458,10.14331],[73.66622,10.14167],[73.66625,10.13667],[73.66536,10.13586],[73.66372,10.12914],[73.66245,10.12792]]],[[[72.61003,10.55872],[72.58289,10.54164],[72.60917,10.57792],[72.61875,10.57083],[72.61003,10.55872]]],[[[72.52914,10.78542],[72.53122,10.78081],[72.53122,10.78],[72.52914,10.77792],[72.52834,10.77792],[72.5258,10.77542],[72.52164,10.77539],[72.52039,10.77664],[72.52039,10.77831],[72.51955,10.77917],[72.51955,10.78083],[72.52247,10.78539],[72.52666,10.78456],[72.52747,10.78542],[72.52914,10.78542]]],[[[73.6758,10.81622],[73.70203,10.81164],[73.6758,10.80206],[73.65958,10.80917],[73.6758,10.81622]]],[[[72.2,10.88125],[72.19539,10.85244],[72.17911,10.84125],[72.17625,10.87081],[72.2,10.88125]]],[[[92.54914,10.88039],[92.54498,10.86539],[92.55664,10.86042],[92.55495,10.88039],[92.58872,10.85333],[92.59539,10.78994],[92.56622,10.79583],[92.5875,10.78786],[92.6025,10.76625],[92.59539,10.78328],[92.60416,10.78375],[92.62202,10.76161],[92.61953,10.66994],[92.59539,10.65667],[92.59164,10.63539],[92.56372,10.62417],[92.54786,10.5925],[92.57786,10.56831],[92.54122,10.52833],[92.54039,10.51417],[92.52414,10.50706],[92.48497,10.51119],[92.4375,10.54453],[92.38744,10.52706],[92.3837,10.53744],[92.41122,10.58831],[92.41619,10.62914],[92.40414,10.65039],[92.38625,10.65747],[92.38458,10.79081],[92.39664,10.80289],[92.4083,10.78872],[92.43372,10.82494],[92.46245,10.84206],[92.46706,10.86],[92.50333,10.8895],[92.51292,10.88831],[92.51247,10.86706],[92.52206,10.86994],[92.51622,10.88828],[92.52492,10.89706],[92.5408,10.89536],[92.54914,10.88039]]],[[[72.28831,10.93458],[72.285,10.93456],[72.28378,10.93667],[72.28542,10.94],[72.28458,10.94247],[72.28664,10.94456],[72.29083,10.94539],[72.29122,10.93994],[72.29041,10.93919],[72.29039,10.93581],[72.28831,10.93458]]],[[[72.7208,11.11289],[72.71872,11.1275],[72.73331,11.13622],[72.7208,11.11289]]],[[[72.77872,11.19081],[72.79039,11.23914],[72.81583,11.26458],[72.77872,11.19081]]],[[[92.70084,11.23542],[92.70125,11.27664],[92.71416,11.28625],[92.71706,11.25914],[92.70084,11.23542]]],[[[92.72498,11.30625],[92.71577,11.29875],[92.70795,11.30414],[92.71956,11.3075],[92.73164,11.32875],[92.73456,11.31417],[92.72498,11.30625]]],[[[73.00244,11.49706],[73.00333,11.49622],[73.005,11.49622],[73.00792,11.49086],[73.00961,11.48914],[73.01039,11.48581],[73.01125,11.48503],[73.01125,11.4775],[73.01208,11.47664],[73.01203,11.47417],[73.01292,11.47331],[73.01289,11.47],[73.0108,11.46792],[73.00836,11.46789],[73.00706,11.46914],[73.00792,11.47247],[73.00708,11.47333],[73.00708,11.475],[73.00625,11.47586],[73.00625,11.47914],[73.00542,11.47997],[73.00455,11.48664],[73.00291,11.48914],[73.00289,11.49081],[73,11.49292],[72.99873,11.49414],[72.99878,11.49581],[72.99917,11.49628],[73,11.49625],[73.00081,11.49706],[73.00244,11.49706]]],[[[92.6608,11.49372],[92.68792,11.46583],[92.69453,11.42164],[92.65456,11.405],[92.67414,11.39956],[92.67414,11.39036],[92.69869,11.38667],[92.69961,11.36497],[92.6758,11.35872],[92.67245,11.34789],[92.65747,11.35372],[92.64497,11.34292],[92.61083,11.33953],[92.58875,11.365],[92.60042,11.37747],[92.59747,11.39706],[92.62955,11.39997],[92.63036,11.43414],[92.61958,11.44997],[92.62373,11.48833],[92.64081,11.51122],[92.6608,11.49372]]],[[[92.56625,11.53414],[92.57497,11.51125],[92.55869,11.52081],[92.55542,11.53333],[92.56625,11.53414]]],[[[92.62119,11.55333],[92.62869,11.55083],[92.61831,11.52622],[92.60872,11.54914],[92.62119,11.55333]]],[[[92.60375,11.53581],[92.59664,11.52872],[92.59039,11.54331],[92.59753,11.57375],[92.60375,11.53581]]],[[[92.6187,11.58331],[92.62164,11.55956],[92.60789,11.56331],[92.60748,11.58375],[92.6187,11.58331]]],[[[92.23289,11.5875],[92.27333,11.58542],[92.28128,11.57497],[92.28792,11.53164],[92.27414,11.51375],[92.22539,11.52667],[92.22375,11.57081],[92.21125,11.5825],[92.23289,11.5875]]],[[[92.5475,11.60458],[92.55747,11.58875],[92.57956,11.58333],[92.56416,11.55706],[92.54833,11.55875],[92.53914,11.54956],[92.53878,11.5975],[92.5475,11.60458]]],[[[72.19414,11.59122],[72.18417,11.60542],[72.19417,11.60625],[72.19414,11.59122]]],[[[72.69334,11.68039],[72.68997,11.67956],[72.68875,11.68081],[72.68872,11.68247],[72.69209,11.68497],[72.69209,11.68664],[72.69295,11.6875],[72.69292,11.69083],[72.69458,11.6925],[72.69703,11.69833],[72.69997,11.70208],[72.70039,11.69994],[72.70123,11.69917],[72.70123,11.69244],[72.69958,11.68831],[72.69334,11.68039]]],[[[93.02419,11.84792],[93.04583,11.83792],[93.07247,11.84292],[93.08208,11.83333],[93.06834,11.80956],[93.05497,11.80956],[93.02042,11.82914],[93.02419,11.84792]]],[[[92.76581,11.96708],[92.77789,11.94831],[92.74622,11.94747],[92.75,11.96042],[92.76581,11.96708]]],[[[92.97544,12.03325],[92.9808,12.02867],[92.99084,12.04033],[93.01622,12.01831],[93.01458,12.00247],[93.04875,11.94331],[93.06123,11.90081],[93.04833,11.87956],[93.03125,11.8875],[93.00372,11.93417],[93.00833,11.94458],[93.03289,11.93078],[93.01039,11.94917],[93.01953,11.9575],[93.01039,11.975],[93.00205,11.97914],[93.01622,11.9575],[93.00667,11.94869],[92.99541,11.97081],[93.00205,11.94997],[92.99,11.94289],[92.96455,11.98083],[92.93044,11.9925],[92.95333,12.00781],[92.97083,12.04783],[92.97544,12.03325]]],[[[93.00584,12.10292],[93.0087,12.06247],[92.9975,12.04531],[92.97794,12.05578],[92.96872,12.07822],[92.97878,12.08742],[92.96792,12.09406],[92.97083,12.10453],[93.00584,12.10292]]],[[[92.97544,12.14742],[93.00291,12.13667],[92.995,12.112],[92.96792,12.11825],[92.96206,12.14242],[92.97544,12.14742]]],[[[93.03211,12.14747],[93.03291,12.14081],[93.02247,12.14122],[93.03875,12.13167],[93.03956,12.10164],[93.05875,12.06914],[93.0517,12.04456],[93.01373,12.08],[93.00794,12.13167],[93.01289,12.14833],[93.03497,12.16372],[93.03211,12.14747]]],[[[93.07917,12.20872],[93.09625,12.19167],[93.09203,12.14911],[93.10208,12.14411],[93.09203,12.12667],[93.09622,12.09669],[93.0808,12.08206],[93.05625,12.10917],[93.06169,12.11708],[93.04459,12.12581],[93.05458,12.17583],[93.07333,12.21125],[93.07917,12.20872]]],[[[92.94164,12.19203],[92.93042,12.21408],[92.94331,12.22286],[92.94955,12.21494],[92.94164,12.19203]]],[[[92.70956,12.22742],[92.72039,12.18908],[92.70705,12.16328],[92.74167,12.18117],[92.76373,12.17242],[92.75291,12.11406],[92.74045,12.09906],[92.74709,12.05492],[92.71208,12.04908],[92.73333,12.04531],[92.74958,12.05158],[92.74836,12.06203],[92.77206,12.04494],[92.79792,12.05075],[92.77081,12.02036],[92.76,12.032],[92.74292,12.02992],[92.74541,12.01408],[92.75669,12.01617],[92.76167,12.00364],[92.77331,12.01203],[92.77292,12],[92.75205,11.99497],[92.76625,11.98667],[92.76164,11.97706],[92.73331,11.97703],[92.74375,11.96414],[92.72369,11.95831],[92.73372,11.94914],[92.72286,11.92333],[92.73294,11.92914],[92.73939,11.89281],[92.75247,11.93036],[92.78997,11.93539],[92.80039,11.89664],[92.78953,11.88831],[92.79875,11.88253],[92.79539,11.84581],[92.7812,11.81083],[92.77456,11.74503],[92.76292,11.72831],[92.76289,11.69747],[92.75122,11.70497],[92.74834,11.68286],[92.7458,11.69211],[92.73248,11.69036],[92.725,11.70042],[92.72122,11.69083],[92.70914,11.70125],[92.69791,11.69247],[92.71375,11.69333],[92.71786,11.66578],[92.69581,11.65789],[92.69331,11.64622],[92.67203,11.64747],[92.67958,11.62083],[92.69,11.63211],[92.69456,11.61667],[92.69833,11.62286],[92.70331,11.61625],[92.70541,11.64664],[92.72208,11.63914],[92.7208,11.64786],[92.73875,11.65333],[92.72539,11.66],[92.72916,11.67711],[92.74084,11.66706],[92.75578,11.67042],[92.76292,11.65836],[92.76292,11.63911],[92.74128,11.6325],[92.75872,11.63411],[92.76208,11.60828],[92.71917,11.47289],[92.70959,11.49917],[92.68333,11.50622],[92.6758,11.49875],[92.65622,11.51497],[92.65706,11.54914],[92.64956,11.55333],[92.65622,11.56664],[92.64247,11.57456],[92.62625,11.55747],[92.61459,11.61414],[92.63247,11.61206],[92.63497,11.61958],[92.6433,11.61292],[92.64958,11.62997],[92.64328,11.62706],[92.63995,11.63789],[92.63503,11.62458],[92.61286,11.63414],[92.59953,11.66667],[92.60703,11.68167],[92.60122,11.7025],[92.61289,11.70247],[92.60664,11.71211],[92.60169,11.70711],[92.5958,11.71956],[92.58125,11.71247],[92.58125,11.69503],[92.57205,11.69161],[92.56123,11.72169],[92.55869,11.80747],[92.54872,11.81331],[92.55708,11.84331],[92.55244,11.82625],[92.54747,11.83622],[92.53333,11.82208],[92.52122,11.84331],[92.53375,11.88914],[92.54708,11.89997],[92.54211,11.90828],[92.56167,11.91792],[92.57161,11.94039],[92.59125,11.91917],[92.59375,11.88414],[92.60078,11.89958],[92.61122,11.89333],[92.61497,11.84706],[92.62705,11.98661],[92.62036,12.01244],[92.63292,12.04078],[92.62869,12.10164],[92.66872,12.20906],[92.67625,12.20908],[92.68125,12.17411],[92.68208,12.21408],[92.68745,12.222],[92.69539,12.21242],[92.70331,12.23953],[92.70956,12.22742]]],[[[92.74039,12.20575],[92.75205,12.21908],[92.75,12.23447],[92.77161,12.22203],[92.77458,12.18242],[92.75414,12.17786],[92.74328,12.19203],[92.73119,12.18994],[92.72958,12.22992],[92.73914,12.24033],[92.74039,12.20575]]],[[[92.91541,12.24325],[92.92289,12.21575],[92.9125,12.22867],[92.89831,12.22953],[92.88664,12.20614],[92.87786,12.23078],[92.88294,12.24158],[92.89417,12.23869],[92.90833,12.25117],[92.91541,12.24325]]],[[[93.11372,12.2375],[93.11081,12.20372],[93.09586,12.22625],[93.06873,12.22917],[93.08747,12.25875],[93.095,12.23708],[93.11253,12.25872],[93.11372,12.2375]]],[[[93.86081,12.28125],[93.87622,12.26333],[93.85328,12.24703],[93.84541,12.2675],[93.86081,12.28125]]],[[[92.71748,12.29536],[92.73622,12.29247],[92.72327,12.22697],[92.71369,12.24161],[92.71748,12.29536]]],[[[92.95036,12.27742],[92.93253,12.22953],[92.92709,12.26575],[92.90786,12.26661],[92.91125,12.28575],[92.92253,12.28867],[92.93833,12.27622],[92.94581,12.30786],[92.94289,12.28661],[92.95036,12.27742]]],[[[92.82661,12.30286],[92.87666,12.30117],[92.88206,12.28411],[92.89455,12.28328],[92.89789,12.25489],[92.86958,12.23908],[92.88875,12.19322],[92.85081,12.19453],[92.85664,12.18286],[92.86247,12.18786],[92.86459,12.16408],[92.85497,12.15369],[92.83167,12.167],[92.82333,12.15953],[92.83292,12.14742],[92.81914,12.12617],[92.80959,12.12661],[92.81958,12.10492],[92.79208,12.09911],[92.80961,12.08906],[92.77333,12.05867],[92.74875,12.07822],[92.74622,12.09408],[92.77789,12.18328],[92.77456,12.20492],[92.78625,12.23744],[92.76917,12.22703],[92.74953,12.24658],[92.76078,12.26872],[92.77417,12.25619],[92.78622,12.27658],[92.7858,12.29869],[92.77541,12.29664],[92.78083,12.30783],[92.82661,12.30286]]],[[[92.87581,12.40533],[92.90372,12.39742],[92.89247,12.37031],[92.88661,12.38369],[92.87247,12.37703],[92.85291,12.39994],[92.87581,12.40533]]],[[[92.97039,12.41242],[92.95292,12.39744],[92.94164,12.35447],[92.92747,12.36033],[92.93953,12.41322],[92.95325,12.41869],[92.95747,12.41203],[92.96748,12.43281],[92.97039,12.41242]]],[[[92.72491,12.82539],[92.7245,12.76825],[92.737,12.75328],[92.73578,12.74036],[92.727,12.74742],[92.73158,12.71536],[92.72036,12.71908],[92.72119,12.75081],[92.70448,12.79161],[92.71619,12.82411],[92.72491,12.82539]]],[[[92.73991,12.86117],[92.72158,12.82872],[92.717,12.83911],[92.727,12.85994],[92.73991,12.86117]]],[[[92.9095,12.91078],[92.93034,12.90914],[92.9145,12.88242],[92.93703,12.88408],[92.93703,12.85992],[92.9495,12.85325],[92.94705,12.83575],[92.95705,12.83575],[92.96367,12.79078],[92.94119,12.77328],[92.95869,12.76747],[92.95619,12.75994],[92.97784,12.73664],[92.97369,12.72081],[92.99117,12.70828],[92.97539,12.70161],[92.96786,12.62242],[92.94872,12.61575],[92.96786,12.61244],[92.98952,12.53492],[92.97872,12.48828],[92.96828,12.4795],[92.95827,12.49369],[92.95536,12.48075],[92.94122,12.47656],[92.94328,12.4645],[92.93244,12.46369],[92.97039,12.46825],[92.96792,12.45744],[92.95331,12.45867],[92.94705,12.44406],[92.92956,12.43747],[92.93289,12.42242],[92.92247,12.40203],[92.89786,12.44078],[92.90955,12.45744],[92.89167,12.44197],[92.85042,12.46992],[92.90706,12.41908],[92.88831,12.41033],[92.8783,12.42367],[92.85828,12.41953],[92.81123,12.43575],[92.80991,12.45703],[92.80872,12.43328],[92.84039,12.42331],[92.85122,12.40072],[92.84286,12.39825],[92.85875,12.38575],[92.86625,12.36158],[92.89956,12.34575],[92.90247,12.33536],[92.87542,12.33161],[92.89494,12.3295],[92.89703,12.32075],[92.83497,12.302],[92.8158,12.31372],[92.8,12.30619],[92.78083,12.31536],[92.76997,12.29703],[92.76828,12.30456],[92.76456,12.29489],[92.74661,12.29614],[92.74411,12.30614],[92.73744,12.30033],[92.7187,12.30742],[92.70625,12.32739],[92.71539,12.45242],[92.70959,12.46992],[92.71786,12.49158],[92.70116,12.51828],[92.71619,12.55744],[92.71533,12.59747],[92.69495,12.60197],[92.6937,12.61244],[92.71911,12.61367],[92.72411,12.64283],[92.73244,12.62286],[92.74453,12.63828],[92.74289,12.65492],[92.75911,12.667],[92.78369,12.66575],[92.79161,12.63286],[92.79617,12.70078],[92.77995,12.67119],[92.74286,12.66911],[92.73786,12.69661],[92.7495,12.69661],[92.75205,12.72244],[92.732,12.77992],[92.74286,12.79244],[92.73203,12.79325],[92.73031,12.82247],[92.74289,12.82994],[92.74911,12.8095],[92.74866,12.83247],[92.75325,12.82117],[92.76078,12.84203],[92.77077,12.8345],[92.77822,12.84203],[92.78825,12.82453],[92.80328,12.88789],[92.85661,12.89119],[92.85614,12.87739],[92.86908,12.87533],[92.88494,12.892],[92.90366,12.89494],[92.90739,12.92369],[92.9095,12.91078]]],[[[92.71075,12.98622],[92.72533,12.97664],[92.72117,12.94247],[92.7345,12.88914],[92.72989,12.87703],[92.72117,12.87742],[92.73031,12.86742],[92.707,12.83078],[92.68536,12.82328],[92.69698,12.80658],[92.68533,12.80078],[92.67747,12.77869],[92.66786,12.78742],[92.67533,12.80581],[92.65789,12.85747],[92.67786,12.88161],[92.677,12.92417],[92.68533,12.93994],[92.67614,12.94328],[92.677,12.96325],[92.69822,12.99039],[92.71075,12.98622]]],[[[93.01711,12.9875],[92.99286,12.96242],[92.99117,12.92739],[92.98075,12.93706],[92.96161,12.93453],[92.98203,12.94325],[92.96453,12.95822],[92.97536,12.96242],[92.96283,12.97328],[92.97242,12.98619],[92.98658,12.96703],[92.99492,12.98953],[93.01664,12.99372],[93.01711,12.9875]]],[[[92.935,13.02456],[92.95039,13.02081],[92.95075,12.99372],[92.92867,12.99911],[92.935,13.02456]]],[[[92.71917,13.09789],[92.73458,13.09],[92.7167,13.06125],[92.69791,13.085],[92.70245,13.10625],[92.71917,13.09789]]],[[[94.29498,13.44539],[94.30295,13.44667],[94.30539,13.43333],[94.2908,13.41206],[94.27703,13.42664],[94.28711,13.44664],[94.29498,13.44539]]],[[[93.04872,13.54583],[93.05039,13.47917],[93.04083,13.45953],[93.02875,13.45747],[93.04125,13.45247],[93.04205,13.43083],[93.01542,13.4275],[93.02084,13.42036],[93.04,13.42369],[93.05331,13.40206],[93.07044,13.4125],[93.06792,13.395],[93.07958,13.39917],[93.05959,13.37581],[93.09628,13.3275],[93.07164,13.30542],[93.06831,13.32458],[93.04792,13.31828],[93.05167,13.35044],[93.0425,13.34039],[93.0125,13.34792],[92.99664,13.32458],[92.97414,13.35958],[92.96289,13.34247],[92.9725,13.32292],[93.00623,13.30917],[92.99372,13.29667],[92.99706,13.28833],[93.00623,13.28417],[93.00122,13.29244],[93.01836,13.31622],[93.01625,13.29831],[93.02792,13.29164],[93.02081,13.27292],[93.05458,13.27417],[93.05417,13.25539],[93.07291,13.26333],[93.04372,13.18581],[93.04622,13.08244],[93.03375,13.06914],[93.04125,13.05747],[93.015,13.02372],[93.00586,13.03369],[92.99414,13.02122],[92.97661,13.03128],[92.98209,13.01083],[92.96995,13.00703],[92.94373,13.035],[92.95372,13.0625],[92.94542,13.05831],[92.94205,13.07583],[92.94955,13.09581],[92.93792,13.07828],[92.94003,13.05039],[92.89667,13.08872],[92.92039,13.05664],[92.89497,13.03792],[92.88708,13.04083],[92.89581,13.03372],[92.90833,13.04792],[92.92122,13.04164],[92.91122,13.01914],[92.91444,12.99658],[92.92494,12.98453],[92.93911,12.987],[92.94703,12.96661],[92.93661,12.95203],[92.92911,12.95869],[92.91495,12.94456],[92.91453,12.97911],[92.90614,12.99078],[92.89034,12.96911],[92.88783,12.93742],[92.87408,12.93036],[92.86489,12.93786],[92.86872,12.90664],[92.88284,12.90492],[92.87664,12.88119],[92.86075,12.88033],[92.85741,12.89531],[92.84325,12.8895],[92.81158,12.89614],[92.79784,12.95747],[92.80697,12.96661],[92.79953,12.97411],[92.80822,12.98953],[92.82655,12.98286],[92.83708,13.00917],[92.80744,13.00289],[92.79456,13.01333],[92.80708,13.02833],[92.79872,13.08833],[92.80875,13.08581],[92.81161,13.07122],[92.82244,13.07208],[92.81414,13.07622],[92.81372,13.09333],[92.8225,13.10039],[92.82747,13.09122],[92.83292,13.11167],[92.8225,13.10958],[92.81702,13.1225],[92.83331,13.13206],[92.85,13.12039],[92.84544,13.1325],[92.85703,13.135],[92.8275,13.13875],[92.81709,13.15167],[92.82244,13.17039],[92.84125,13.16747],[92.82625,13.17833],[92.83958,13.21417],[92.83039,13.21417],[92.83542,13.23333],[92.84747,13.24122],[92.86208,13.23583],[92.86083,13.25294],[92.84747,13.25206],[92.82958,13.26664],[92.8325,13.28708],[92.84417,13.28122],[92.84956,13.29747],[92.82956,13.30833],[92.84792,13.37247],[92.85789,13.37167],[92.85995,13.35789],[92.86289,13.37414],[92.88628,13.38581],[92.86375,13.38247],[92.85208,13.38833],[92.85208,13.39997],[92.85664,13.40872],[92.88625,13.40333],[92.87786,13.41831],[92.89369,13.42917],[92.88208,13.43831],[92.87872,13.46667],[92.90747,13.47625],[92.90997,13.49625],[92.93792,13.49411],[92.93205,13.50497],[92.91872,13.50417],[92.94125,13.52083],[92.92583,13.52122],[92.92917,13.53208],[92.97669,13.53961],[92.99747,13.52789],[92.99875,13.56578],[93.01539,13.56083],[93.02247,13.54125],[93.0367,13.57456],[93.04872,13.54583]]],[[[93.0292,13.66958],[93.03997,13.62208],[93.02331,13.64292],[92.99583,13.63792],[92.99042,13.65003],[92.99416,13.66042],[93.01914,13.65958],[93.0292,13.66958]]],[[[88.19291,21.57372],[88.17643,21.57278],[88.17015,21.59105],[88.17776,21.59971],[88.19291,21.57372]]],[[[88.52997,21.5602],[88.52999,21.55023],[88.50906,21.54746],[88.50966,21.55769],[88.50244,21.5496],[88.48166,21.55908],[88.49166,21.596],[88.53205,21.58139],[88.52997,21.5602]]],[[[88.84527,21.59953],[88.87489,21.59227],[88.89955,21.56572],[88.88404,21.55737],[88.8402,21.56463],[88.83115,21.57706],[88.83433,21.60649],[88.84527,21.59953]]],[[[88.55286,21.6312],[88.58894,21.612],[88.58988,21.60167],[88.57899,21.58005],[88.54468,21.56853],[88.53822,21.58747],[88.51117,21.60519],[88.52491,21.62333],[88.5241,21.65247],[88.55286,21.6312]]],[[[88.30826,21.7063],[88.33018,21.70482],[88.34454,21.69169],[88.34334,21.66491],[88.35331,21.65127],[88.34249,21.62443],[88.31749,21.60624],[88.30707,21.61338],[88.31618,21.66505],[88.30032,21.70496],[88.30826,21.7063]]],[[[88.72657,21.66569],[88.74995,21.65042],[88.76881,21.65464],[88.77421,21.61719],[88.79527,21.59789],[88.79102,21.58444],[88.75784,21.58061],[88.75188,21.59614],[88.73104,21.57614],[88.70975,21.59126],[88.72083,21.6391],[88.71208,21.66333],[88.68956,21.68292],[88.69711,21.71056],[88.70381,21.68441],[88.72657,21.66569]]],[[[88.21081,21.67036],[88.22706,21.66831],[88.23292,21.64164],[88.2112,21.62],[88.21333,21.59539],[88.20206,21.60664],[88.18042,21.68917],[88.205,21.72375],[88.21622,21.69914],[88.19917,21.69289],[88.19625,21.68167],[88.21081,21.67036]]],[[[88.55888,21.72989],[88.56976,21.73257],[88.60268,21.68418],[88.58674,21.66052],[88.60268,21.62315],[88.59649,21.61997],[88.5538,21.64274],[88.54432,21.6387],[88.52838,21.65882],[88.53446,21.67013],[88.51779,21.71164],[88.54129,21.73677],[88.55888,21.72989]]],[[[88.54486,21.81184],[88.57108,21.78973],[88.56199,21.76279],[88.57133,21.73501],[88.53983,21.73768],[88.52272,21.71936],[88.50861,21.74054],[88.50361,21.7614],[88.51361,21.76643],[88.50358,21.76473],[88.50492,21.77226],[88.54486,21.81184]]],[[[88.5983,21.84729],[88.61766,21.82873],[88.60707,21.81473],[88.61285,21.79872],[88.5909,21.79784],[88.57708,21.81607],[88.58477,21.84578],[88.5983,21.84729]]],[[[88.16872,21.7858],[88.17208,21.73581],[88.15536,21.68167],[88.12786,21.67997],[88.15708,21.67414],[88.15872,21.6475],[88.14872,21.63417],[88.11,21.62289],[88.08667,21.63039],[88.09077,21.63789],[88.0725,21.63122],[88.05167,21.64036],[88.0387,21.665],[88.05959,21.70994],[88.05209,21.715],[88.07703,21.75253],[88.10622,21.835],[88.13664,21.87539],[88.17625,21.81],[88.16872,21.7858]]],[[[88.64633,21.91717],[88.6674,21.91265],[88.65219,21.87215],[88.64093,21.87173],[88.65306,21.8679],[88.63675,21.78619],[88.62007,21.79676],[88.61254,21.81673],[88.62094,21.83087],[88.59507,21.85842],[88.61885,21.89553],[88.62882,21.88717],[88.62341,21.90173],[88.63507,21.91756],[88.64633,21.91717]]],[[[88.66371,22.01863],[88.71511,22.00055],[88.69299,21.9695],[88.68484,21.97511],[88.69377,21.96471],[88.67443,21.95199],[88.68578,21.95294],[88.67926,21.94432],[88.62938,21.95901],[88.63916,22.00394],[88.66371,22.01863]]],[[[88.07024,21.92172],[88.04882,21.91601],[88.05929,21.96931],[88.08023,22.00929],[88.1433,22.02786],[88.07024,21.92172]]],[[[68.16786,23.73414],[68.16438,23.76315],[68.19484,23.78761],[68.16786,23.73414]]],[[[68.32772,23.93327],[68.31498,23.93648],[68.32464,23.94038],[68.32772,23.93327]]]]}}],"bbox":[68.16438,6.75292,97.39536,37.09759]}